,n_comp,condition,sens,spec,Anomaly,sens_variance,spec_variance
0,2.0,0.1,0.14976689976689977,0.9925956371496856,Protein_a,0.01871627789459957,0.000121895091442732
1,2.0,0.1,0.0,0.0,Bilirubin_a,0.0,0.0
2,2.0,0.1,0.0,1.0,Glucose_a,0.0,0.0
3,2.0,0.1,0.0,1.0,Ketones_a,0.0,0.0
4,2.0,0.1,0.0,0.997090909090909,Nitrite_a,0.0,4.231404958677676e-05
5,2.0,0.1,0.0,1.0,Urobilinogen_a,0.0,0.0
6,2.0,0.2,0.05,1.0,Protein_a,0.012500000000000002,0.0
7,2.0,0.2,0.0,0.0,Bilirubin_a,0.0,0.0
8,2.0,0.2,0.0,1.0,Glucose_a,0.0,0.0
9,2.0,0.2,0.0,1.0,Ketones_a,0.0,0.0
10,2.0,0.2,0.0,1.0,Nitrite_a,0.0,0.0
11,2.0,0.2,0.0,1.0,Urobilinogen_a,0.0,0.0
12,2.0,0.3,0.0,1.0,Protein_a,0.0,0.0
13,2.0,0.3,0.0,0.0,Bilirubin_a,0.0,0.0
14,2.0,0.3,0.0,1.0,Glucose_a,0.0,0.0
15,2.0,0.3,0.0,1.0,Ketones_a,0.0,0.0
16,2.0,0.3,0.0,1.0,Nitrite_a,0.0,0.0
17,2.0,0.3,0.0,1.0,Urobilinogen_a,0.0,0.0
18,2.0,0.4,0.0,1.0,Protein_a,0.0,0.0
19,2.0,0.4,0.0,0.0,Bilirubin_a,0.0,0.0
20,2.0,0.4,0.0,1.0,Glucose_a,0.0,0.0
21,2.0,0.4,0.0,1.0,Ketones_a,0.0,0.0
22,2.0,0.4,0.0,1.0,Nitrite_a,0.0,0.0
23,2.0,0.4,0.0,1.0,Urobilinogen_a,0.0,0.0
24,2.0,0.5,0.0,1.0,Protein_a,0.0,0.0
25,2.0,0.5,0.0,0.0,Bilirubin_a,0.0,0.0
26,2.0,0.5,0.0,1.0,Glucose_a,0.0,0.0
27,2.0,0.5,0.0,1.0,Ketones_a,0.0,0.0
28,2.0,0.5,0.0,1.0,Nitrite_a,0.0,0.0
29,2.0,0.5,0.0,1.0,Urobilinogen_a,0.0,0.0
30,2.0,0.6,0.0,1.0,Protein_a,0.0,0.0
31,2.0,0.6,0.0,0.0,Bilirubin_a,0.0,0.0
32,2.0,0.6,0.0,1.0,Glucose_a,0.0,0.0
33,2.0,0.6,0.0,1.0,Ketones_a,0.0,0.0
34,2.0,0.6,0.0,1.0,Nitrite_a,0.0,0.0
35,2.0,0.6,0.0,1.0,Urobilinogen_a,0.0,0.0
36,2.0,0.7,0.0,1.0,Protein_a,0.0,0.0
37,2.0,0.7,0.0,0.0,Bilirubin_a,0.0,0.0
38,2.0,0.7,0.0,1.0,Glucose_a,0.0,0.0
39,2.0,0.7,0.0,1.0,Ketones_a,0.0,0.0
40,2.0,0.7,0.0,1.0,Nitrite_a,0.0,0.0
41,2.0,0.7,0.0,1.0,Urobilinogen_a,0.0,0.0
42,2.0,0.8,0.0,1.0,Protein_a,0.0,0.0
43,2.0,0.8,0.0,0.0,Bilirubin_a,0.0,0.0
44,2.0,0.8,0.0,1.0,Glucose_a,0.0,0.0
45,2.0,0.8,0.0,1.0,Ketones_a,0.0,0.0
46,2.0,0.8,0.0,1.0,Nitrite_a,0.0,0.0
47,2.0,0.8,0.0,1.0,Urobilinogen_a,0.0,0.0
48,2.0,0.9,0.0,1.0,Protein_a,0.0,0.0
49,2.0,0.9,0.0,0.0,Bilirubin_a,0.0,0.0
50,2.0,0.9,0.0,1.0,Glucose_a,0.0,0.0
51,2.0,0.9,0.0,1.0,Ketones_a,0.0,0.0
52,2.0,0.9,0.0,1.0,Nitrite_a,0.0,0.0
53,2.0,0.9,0.0,1.0,Urobilinogen_a,0.0,0.0
54,3.0,0.1,0.19506253908692933,0.9842127087667573,Protein_a,0.012028162144805168,0.00024277779526368995
55,3.0,0.1,0.0,0.0,Bilirubin_a,0.0,0.0
56,3.0,0.1,0.0,1.0,Glucose_a,0.0,0.0
57,3.0,0.1,0.0,1.0,Ketones_a,0.0,0.0
58,3.0,0.1,0.0,0.9806980372009114,Nitrite_a,0.0,0.00026203400143063384
59,3.0,0.1,0.0,1.0,Urobilinogen_a,0.0,0.0
60,3.0,0.2,0.010427807486631016,0.9851941384898965,Protein_a,0.00020947124596070805,0.00010619055833123472
61,3.0,0.2,0.0,0.0,Bilirubin_a,0.0,0.0
62,3.0,0.2,0.0,1.0,Glucose_a,0.0,0.0
63,3.0,0.2,0.0,1.0,Ketones_a,0.0,0.0
64,3.0,0.2,0.0,0.9975786924939467,Nitrite_a,0.0,2.9313650194349575e-05
65,3.0,0.2,0.0,1.0,Urobilinogen_a,0.0,0.0
66,3.0,0.3,0.0,0.9925925850658753,Protein_a,0.0,4.572494615852218e-05
67,3.0,0.3,0.0,0.0,Bilirubin_a,0.0,0.0
68,3.0,0.3,0.0,1.0,Glucose_a,0.0,0.0
69,3.0,0.3,0.0,1.0,Ketones_a,0.0,0.0
70,3.0,0.3,0.0,1.0,Nitrite_a,0.0,0.0
71,3.0,0.3,0.0,1.0,Urobilinogen_a,0.0,0.0
72,3.0,0.4,0.0,0.9945897064871734,Protein_a,0.0,2.4654729677007938e-05
73,3.0,0.4,0.0,0.0,Bilirubin_a,0.0,0.0
74,3.0,0.4,0.0,1.0,Glucose_a,0.0,0.0
75,3.0,0.4,0.0,1.0,Ketones_a,0.0,0.0
76,3.0,0.4,0.0,1.0,Nitrite_a,0.0,0.0
77,3.0,0.4,0.0,1.0,Urobilinogen_a,0.0,0.0
78,3.0,0.5,0.0,1.0,Protein_a,0.0,0.0
79,3.0,0.5,0.0,0.0,Bilirubin_a,0.0,0.0
80,3.0,0.5,0.0,1.0,Glucose_a,0.0,0.0
81,3.0,0.5,0.0,1.0,Ketones_a,0.0,0.0
82,3.0,0.5,0.0,1.0,Nitrite_a,0.0,0.0
83,3.0,0.5,0.0,1.0,Urobilinogen_a,0.0,0.0
84,3.0,0.6,0.0,1.0,Protein_a,0.0,0.0
85,3.0,0.6,0.0,0.0,Bilirubin_a,0.0,0.0
86,3.0,0.6,0.0,1.0,Glucose_a,0.0,0.0
87,3.0,0.6,0.0,1.0,Ketones_a,0.0,0.0
88,3.0,0.6,0.0,1.0,Nitrite_a,0.0,0.0
89,3.0,0.6,0.0,1.0,Urobilinogen_a,0.0,0.0
90,3.0,0.7,0.0,1.0,Protein_a,0.0,0.0
91,3.0,0.7,0.0,0.0,Bilirubin_a,0.0,0.0
92,3.0,0.7,0.0,1.0,Glucose_a,0.0,0.0
93,3.0,0.7,0.0,1.0,Ketones_a,0.0,0.0
94,3.0,0.7,0.0,1.0,Nitrite_a,0.0,0.0
95,3.0,0.7,0.0,1.0,Urobilinogen_a,0.0,0.0
96,3.0,0.8,0.0,1.0,Protein_a,0.0,0.0
97,3.0,0.8,0.0,0.0,Bilirubin_a,0.0,0.0
98,3.0,0.8,0.0,1.0,Glucose_a,0.0,0.0
99,3.0,0.8,0.0,1.0,Ketones_a,0.0,0.0
100,3.0,0.8,0.0,1.0,Nitrite_a,0.0,0.0
101,3.0,0.8,0.0,1.0,Urobilinogen_a,0.0,0.0
102,3.0,0.9,0.0,1.0,Protein_a,0.0,0.0
103,3.0,0.9,0.0,0.0,Bilirubin_a,0.0,0.0
104,3.0,0.9,0.0,1.0,Glucose_a,0.0,0.0
105,3.0,0.9,0.0,1.0,Ketones_a,0.0,0.0
106,3.0,0.9,0.0,1.0,Nitrite_a,0.0,0.0
107,3.0,0.9,0.0,1.0,Urobilinogen_a,0.0,0.0
108,4.0,0.1,0.19550215208034433,0.9925741590171457,Protein_a,0.03938558646505108,4.5954115089443205e-05
109,4.0,0.1,0.0,0.0,Bilirubin_a,0.0,0.0
110,4.0,0.1,0.0,1.0,Glucose_a,0.0,0.0
111,4.0,0.1,0.0,1.0,Ketones_a,0.0,0.0
112,4.0,0.1,0.0,0.9901442307692306,Nitrite_a,0.0,0.0004856809356508874
113,4.0,0.1,0.0,1.0,Urobilinogen_a,0.0,0.0
114,4.0,0.2,0.011764705882352941,0.9876358646360186,Protein_a,0.0006920415224913495,7.602223185711995e-05
115,4.0,0.2,0.0,0.0,Bilirubin_a,0.0,0.0
116,4.0,0.2,0.0,1.0,Glucose_a,0.0,0.0
117,4.0,0.2,0.0,1.0,Ketones_a,0.0,0.0
118,4.0,0.2,0.0,1.0,Nitrite_a,0.0,0.0
119,4.0,0.2,0.0,1.0,Urobilinogen_a,0.0,0.0
120,4.0,0.3,0.0,0.9980343980343982,Protein_a,0.0,1.9317955435891436e-05
121,4.0,0.3,0.0,0.0,Bilirubin_a,0.0,0.0
122,4.0,0.3,0.0,1.0,Glucose_a,0.0,0.0
123,4.0,0.3,0.0,1.0,Ketones_a,0.0,0.0
124,4.0,0.3,0.0,1.0,Nitrite_a,0.0,0.0
125,4.0,0.3,0.0,1.0,Urobilinogen_a,0.0,0.0
126,4.0,0.4,0.0,0.9938038874080981,Protein_a,0.0,8.767321490092915e-05
127,4.0,0.4,0.0,0.0,Bilirubin_a,0.0,0.0
128,4.0,0.4,0.0,1.0,Glucose_a,0.0,0.0
129,4.0,0.4,0.0,1.0,Ketones_a,0.0,0.0
130,4.0,0.4,0.0,1.0,Nitrite_a,0.0,0.0
131,4.0,0.4,0.0,1.0,Urobilinogen_a,0.0,0.0
132,4.0,0.5,0.0,0.9972939729397293,Protein_a,0.0,3.661291225458401e-05
133,4.0,0.5,0.0,0.0,Bilirubin_a,0.0,0.0
134,4.0,0.5,0.0,1.0,Glucose_a,0.0,0.0
135,4.0,0.5,0.0,1.0,Ketones_a,0.0,0.0
136,4.0,0.5,0.0,1.0,Nitrite_a,0.0,0.0
137,4.0,0.5,0.0,1.0,Urobilinogen_a,0.0,0.0
138,4.0,0.6,0.0,0.9980173482032217,Protein_a,0.0,1.965454073633892e-05
139,4.0,0.6,0.0,0.0,Bilirubin_a,0.0,0.0
140,4.0,0.6,0.0,1.0,Glucose_a,0.0,0.0
141,4.0,0.6,0.0,1.0,Ketones_a,0.0,0.0
142,4.0,0.6,0.0,1.0,Nitrite_a,0.0,0.0
143,4.0,0.6,0.0,1.0,Urobilinogen_a,0.0,0.0
144,4.0,0.7,0.0,1.0,Protein_a,0.0,0.0
145,4.0,0.7,0.0,0.0,Bilirubin_a,0.0,0.0
146,4.0,0.7,0.0,1.0,Glucose_a,0.0,0.0
147,4.0,0.7,0.0,1.0,Ketones_a,0.0,0.0
148,4.0,0.7,0.0,1.0,Nitrite_a,0.0,0.0
149,4.0,0.7,0.0,1.0,Urobilinogen_a,0.0,0.0
150,4.0,0.8,0.0,0.9997521685254027,Protein_a,0.0,3.071021990053163e-07
151,4.0,0.8,0.0,0.0,Bilirubin_a,0.0,0.0
152,4.0,0.8,0.0,1.0,Glucose_a,0.0,0.0
153,4.0,0.8,0.0,1.0,Ketones_a,0.0,0.0
154,4.0,0.8,0.0,1.0,Nitrite_a,0.0,0.0
155,4.0,0.8,0.0,1.0,Urobilinogen_a,0.0,0.0
156,4.0,0.9,0.0,1.0,Protein_a,0.0,0.0
157,4.0,0.9,0.0,0.0,Bilirubin_a,0.0,0.0
158,4.0,0.9,0.0,1.0,Glucose_a,0.0,0.0
159,4.0,0.9,0.0,1.0,Ketones_a,0.0,0.0
160,4.0,0.9,0.0,1.0,Nitrite_a,0.0,0.0
161,4.0,0.9,0.0,1.0,Urobilinogen_a,0.0,0.0
162,5.0,0.1,0.14182897239163222,0.9787130824240226,Protein_a,0.033150734487508236,0.0004245023143251769
163,5.0,0.1,0.0,0.0,Bilirubin_a,0.0,0.0
164,5.0,0.1,0.0,1.0,Glucose_a,0.0,0.0
165,5.0,0.1,0.0,1.0,Ketones_a,0.0,0.0
166,5.0,0.1,0.0,0.9876892975761242,Nitrite_a,0.0,7.254208469223228e-05
167,5.0,0.1,0.0,1.0,Urobilinogen_a,0.0,0.0
168,5.0,0.2,0.0,0.9950462857879012,Protein_a,0.0,4.6013539935516634e-05
169,5.0,0.2,0.0,0.0,Bilirubin_a,0.0,0.0
170,5.0,0.2,0.0,1.0,Glucose_a,0.0,0.0
171,5.0,0.2,0.0,1.0,Ketones_a,0.0,0.0
172,5.0,0.2,0.0,0.996356216938222,Nitrite_a,0.0,2.9609603611892976e-05
173,5.0,0.2,0.0,1.0,Urobilinogen_a,0.0,0.0
174,5.0,0.3,0.0,1.0,Protein_a,0.0,0.0
175,5.0,0.3,0.0,0.0,Bilirubin_a,0.0,0.0
176,5.0,0.3,0.0,1.0,Glucose_a,0.0,0.0
177,5.0,0.3,0.0,1.0,Ketones_a,0.0,0.0
178,5.0,0.3,0.0,1.0,Nitrite_a,0.0,0.0
179,5.0,0.3,0.0,1.0,Urobilinogen_a,0.0,0.0
180,5.0,0.4,0.0,1.0,Protein_a,0.0,0.0
181,5.0,0.4,0.0,0.0,Bilirubin_a,0.0,0.0
182,5.0,0.4,0.0,1.0,Glucose_a,0.0,0.0
183,5.0,0.4,0.0,1.0,Ketones_a,0.0,0.0
184,5.0,0.4,0.0,1.0,Nitrite_a,0.0,0.0
185,5.0,0.4,0.0,1.0,Urobilinogen_a,0.0,0.0
186,5.0,0.5,0.0,1.0,Protein_a,0.0,0.0
187,5.0,0.5,0.0,0.0,Bilirubin_a,0.0,0.0
188,5.0,0.5,0.0,1.0,Glucose_a,0.0,0.0
189,5.0,0.5,0.0,1.0,Ketones_a,0.0,0.0
190,5.0,0.5,0.0,1.0,Nitrite_a,0.0,0.0
191,5.0,0.5,0.0,1.0,Urobilinogen_a,0.0,0.0
192,5.0,0.6,0.0,1.0,Protein_a,0.0,0.0
193,5.0,0.6,0.0,0.0,Bilirubin_a,0.0,0.0
194,5.0,0.6,0.0,1.0,Glucose_a,0.0,0.0
195,5.0,0.6,0.0,1.0,Ketones_a,0.0,0.0
196,5.0,0.6,0.0,1.0,Nitrite_a,0.0,0.0
197,5.0,0.6,0.0,1.0,Urobilinogen_a,0.0,0.0
198,5.0,0.7,0.0,1.0,Protein_a,0.0,0.0
199,5.0,0.7,0.0,0.0,Bilirubin_a,0.0,0.0
200,5.0,0.7,0.0,1.0,Glucose_a,0.0,0.0
201,5.0,0.7,0.0,1.0,Ketones_a,0.0,0.0
202,5.0,0.7,0.0,1.0,Nitrite_a,0.0,0.0
203,5.0,0.7,0.0,1.0,Urobilinogen_a,0.0,0.0
204,5.0,0.8,0.0,1.0,Protein_a,0.0,0.0
205,5.0,0.8,0.0,0.0,Bilirubin_a,0.0,0.0
206,5.0,0.8,0.0,1.0,Glucose_a,0.0,0.0
207,5.0,0.8,0.0,1.0,Ketones_a,0.0,0.0
208,5.0,0.8,0.0,1.0,Nitrite_a,0.0,0.0
209,5.0,0.8,0.0,1.0,Urobilinogen_a,0.0,0.0
210,5.0,0.9,0.0,1.0,Protein_a,0.0,0.0
211,5.0,0.9,0.0,0.0,Bilirubin_a,0.0,0.0
212,5.0,0.9,0.0,1.0,Glucose_a,0.0,0.0
213,5.0,0.9,0.0,1.0,Ketones_a,0.0,0.0
214,5.0,0.9,0.0,1.0,Nitrite_a,0.0,0.0
215,5.0,0.9,0.0,1.0,Urobilinogen_a,0.0,0.0
216,6.0,0.1,0.22139953542392568,0.9765317763393127,Protein_a,0.020428492684005987,0.0003121114009167909
217,6.0,0.1,0.0,0.0,Bilirubin_a,0.0,0.0
218,6.0,0.1,0.0,1.0,Glucose_a,0.0,0.0
219,6.0,0.1,0.0,0.9995085995085995,Ketones_a,0.0,1.2073722147431874e-06
220,6.0,0.1,0.0,0.9861946228314047,Nitrite_a,0.0,4.420598328509943e-05
221,6.0,0.1,0.0,1.0,Urobilinogen_a,0.0,0.0
222,6.0,0.2,0.07064102564102563,0.9925895027632752,Protein_a,0.010527695595003288,0.00012178358901929124
223,6.0,0.2,0.0,0.0,Bilirubin_a,0.0,0.0
224,6.0,0.2,0.0,1.0,Glucose_a,0.0,0.0
225,6.0,0.2,0.0,1.0,Ketones_a,0.0,0.0
226,6.0,0.2,0.0,0.9985489721886335,Nitrite_a,0.0,1.0527408546793678e-05
227,6.0,0.2,0.0,1.0,Urobilinogen_a,0.0,0.0
228,6.0,0.3,0.0,0.9891331618030821,Protein_a,0.0,0.0001341647473073537
229,6.0,0.3,0.0,0.0,Bilirubin_a,0.0,0.0
230,6.0,0.3,0.0,1.0,Glucose_a,0.0,0.0
231,6.0,0.3,0.0,1.0,Ketones_a,0.0,0.0
232,6.0,0.3,0.0,0.9982864137086903,Nitrite_a,0.0,1.468188988882207e-05
233,6.0,0.3,0.0,1.0,Urobilinogen_a,0.0,0.0
234,6.0,0.4,0.0,0.9925986742078695,Protein_a,0.0,0.0001218577354808334
235,6.0,0.4,0.0,0.0,Bilirubin_a,0.0,0.0
236,6.0,0.4,0.0,1.0,Glucose_a,0.0,0.0
237,6.0,0.4,0.0,1.0,Ketones_a,0.0,0.0
238,6.0,0.4,0.0,1.0,Nitrite_a,0.0,0.0
239,6.0,0.4,0.0,1.0,Urobilinogen_a,0.0,0.0
240,6.0,0.5,0.0,0.9975339087546239,Protein_a,0.0,3.0408030152602967e-05
241,6.0,0.5,0.0,0.0,Bilirubin_a,0.0,0.0
242,6.0,0.5,0.0,1.0,Glucose_a,0.0,0.0
243,6.0,0.5,0.0,1.0,Ketones_a,0.0,0.0
244,6.0,0.5,0.0,1.0,Nitrite_a,0.0,0.0
245,6.0,0.5,0.0,1.0,Urobilinogen_a,0.0,0.0
246,6.0,0.6,0.0,1.0,Protein_a,0.0,0.0
247,6.0,0.6,0.0,0.0,Bilirubin_a,0.0,0.0
248,6.0,0.6,0.0,1.0,Glucose_a,0.0,0.0
249,6.0,0.6,0.0,1.0,Ketones_a,0.0,0.0
250,6.0,0.6,0.0,1.0,Nitrite_a,0.0,0.0
251,6.0,0.6,0.0,1.0,Urobilinogen_a,0.0,0.0
252,6.0,0.7,0.0,1.0,Protein_a,0.0,0.0
253,6.0,0.7,0.0,0.0,Bilirubin_a,0.0,0.0
254,6.0,0.7,0.0,1.0,Glucose_a,0.0,0.0
255,6.0,0.7,0.0,1.0,Ketones_a,0.0,0.0
256,6.0,0.7,0.0,1.0,Nitrite_a,0.0,0.0
257,6.0,0.7,0.0,1.0,Urobilinogen_a,0.0,0.0
258,6.0,0.8,0.0,0.9992583436341163,Protein_a,0.0,2.750270825279927e-06
259,6.0,0.8,0.0,0.0,Bilirubin_a,0.0,0.0
260,6.0,0.8,0.0,1.0,Glucose_a,0.0,0.0
261,6.0,0.8,0.0,1.0,Ketones_a,0.0,0.0
262,6.0,0.8,0.0,1.0,Nitrite_a,0.0,0.0
263,6.0,0.8,0.0,1.0,Urobilinogen_a,0.0,0.0
264,6.0,0.9,0.0,1.0,Protein_a,0.0,0.0
265,6.0,0.9,0.0,0.0,Bilirubin_a,0.0,0.0
266,6.0,0.9,0.0,1.0,Glucose_a,0.0,0.0
267,6.0,0.9,0.0,1.0,Ketones_a,0.0,0.0
268,6.0,0.9,0.0,1.0,Nitrite_a,0.0,0.0
269,6.0,0.9,0.0,1.0,Urobilinogen_a,0.0,0.0
270,7.0,0.1,0.22839530461013835,0.9817581097015043,Protein_a,0.05474298868653351,0.00014499253368409712
271,7.0,0.1,0.0,0.0,Bilirubin_a,0.0,0.0
272,7.0,0.1,0.0,1.0,Glucose_a,0.0,0.0
273,7.0,0.1,0.0,1.0,Ketones_a,0.0,0.0
274,7.0,0.1,0.0,0.9859667856356861,Nitrite_a,0.0,0.00023860818582779872
275,7.0,0.1,0.0,1.0,Urobilinogen_a,0.0,0.0
276,7.0,0.2,0.011764705882352941,0.9962978148114843,Protein_a,0.0006920415224913495,3.0426870204838052e-05
277,7.0,0.2,0.0,0.0,Bilirubin_a,0.0,0.0
278,7.0,0.2,0.0,1.0,Glucose_a,0.0,0.0
279,7.0,0.2,0.0,1.0,Ketones_a,0.0,0.0
280,7.0,0.2,0.0,0.9995192196565194,Nitrite_a,0.0,4.334224561861205e-07
281,7.0,0.2,0.0,1.0,Urobilinogen_a,0.0,0.0
282,7.0,0.3,0.0,0.9935452985137807,Protein_a,0.0,9.748438948035651e-05
283,7.0,0.3,0.0,0.0,Bilirubin_a,0.0,0.0
284,7.0,0.3,0.0,1.0,Glucose_a,0.0,0.0
285,7.0,0.3,0.0,1.0,Ketones_a,0.0,0.0
286,7.0,0.3,0.0,1.0,Nitrite_a,0.0,0.0
287,7.0,0.3,0.0,1.0,Urobilinogen_a,0.0,0.0
288,7.0,0.4,0.0,0.9980099502487562,Protein_a,0.0,1.9801490062126996e-05
289,7.0,0.4,0.0,0.0,Bilirubin_a,0.0,0.0
290,7.0,0.4,0.0,1.0,Glucose_a,0.0,0.0
291,7.0,0.4,0.0,1.0,Ketones_a,0.0,0.0
292,7.0,0.4,0.0,1.0,Nitrite_a,0.0,0.0
293,7.0,0.4,0.0,1.0,Urobilinogen_a,0.0,0.0
294,7.0,0.5,0.0,0.9935863044432522,Protein_a,0.0,9.593741543001896e-05
295,7.0,0.5,0.0,0.0,Bilirubin_a,0.0,0.0
296,7.0,0.5,0.0,1.0,Glucose_a,0.0,0.0
297,7.0,0.5,0.0,1.0,Ketones_a,0.0,0.0
298,7.0,0.5,0.0,1.0,Nitrite_a,0.0,0.0
299,7.0,0.5,0.0,1.0,Urobilinogen_a,0.0,0.0
300,7.0,0.6,0.0,1.0,Protein_a,0.0,0.0
301,7.0,0.6,0.0,0.0,Bilirubin_a,0.0,0.0
302,7.0,0.6,0.0,1.0,Glucose_a,0.0,0.0
303,7.0,0.6,0.0,1.0,Ketones_a,0.0,0.0
304,7.0,0.6,0.0,1.0,Nitrite_a,0.0,0.0
305,7.0,0.6,0.0,1.0,Urobilinogen_a,0.0,0.0
306,7.0,0.7,0.0,1.0,Protein_a,0.0,0.0
307,7.0,0.7,0.0,0.0,Bilirubin_a,0.0,0.0
308,7.0,0.7,0.0,1.0,Glucose_a,0.0,0.0
309,7.0,0.7,0.0,1.0,Ketones_a,0.0,0.0
310,7.0,0.7,0.0,1.0,Nitrite_a,0.0,0.0
311,7.0,0.7,0.0,1.0,Urobilinogen_a,0.0,0.0
312,7.0,0.8,0.0,1.0,Protein_a,0.0,0.0
313,7.0,0.8,0.0,0.0,Bilirubin_a,0.0,0.0
314,7.0,0.8,0.0,1.0,Glucose_a,0.0,0.0
315,7.0,0.8,0.0,1.0,Ketones_a,0.0,0.0
316,7.0,0.8,0.0,1.0,Nitrite_a,0.0,0.0
317,7.0,0.8,0.0,1.0,Urobilinogen_a,0.0,0.0
318,7.0,0.9,0.0,1.0,Protein_a,0.0,0.0
319,7.0,0.9,0.0,0.0,Bilirubin_a,0.0,0.0
320,7.0,0.9,0.0,1.0,Glucose_a,0.0,0.0
321,7.0,0.9,0.0,1.0,Ketones_a,0.0,0.0
322,7.0,0.9,0.0,1.0,Nitrite_a,0.0,0.0
323,7.0,0.9,0.0,1.0,Urobilinogen_a,0.0,0.0
324,8.0,0.1,0.20392156862745098,0.9930915202627222,Protein_a,0.03767599625997284,4.307412237611808e-05
325,8.0,0.1,0.0,0.0,Bilirubin_a,0.0,0.0
326,8.0,0.1,0.0,1.0,Glucose_a,0.0,0.0
327,8.0,0.1,0.0,0.9953601953601954,Ketones_a,0.0,0.00010763893547776359
328,8.0,0.1,0.0,0.986571589165087,Nitrite_a,0.0,0.0001008365465208171
329,8.0,0.1,0.0,1.0,Urobilinogen_a,0.0,0.0
330,8.0,0.2,0.0058823529411764705,0.98147485468807,Protein_a,0.00017301038062283736,0.00045906316624628085
331,8.0,0.2,0.0,0.0,Bilirubin_a,0.0,0.0
332,8.0,0.2,0.0,1.0,Glucose_a,0.0,0.0
333,8.0,0.2,0.0,1.0,Ketones_a,0.0,0.0
334,8.0,0.2,0.0,0.9934191656514215,Nitrite_a,0.0,6.987402954722749e-05
335,8.0,0.2,0.0,1.0,Urobilinogen_a,0.0,0.0
336,8.0,0.3,0.0,1.0,Protein_a,0.0,0.0
337,8.0,0.3,0.0,0.0,Bilirubin_a,0.0,0.0
338,8.0,0.3,0.0,1.0,Glucose_a,0.0,0.0
339,8.0,0.3,0.0,1.0,Ketones_a,0.0,0.0
340,8.0,0.3,0.0,1.0,Nitrite_a,0.0,0.0
341,8.0,0.3,0.0,1.0,Urobilinogen_a,0.0,0.0
342,8.0,0.4,0.0,1.0,Protein_a,0.0,0.0
343,8.0,0.4,0.0,0.0,Bilirubin_a,0.0,0.0
344,8.0,0.4,0.0,1.0,Glucose_a,0.0,0.0
345,8.0,0.4,0.0,1.0,Ketones_a,0.0,0.0
346,8.0,0.4,0.0,1.0,Nitrite_a,0.0,0.0
347,8.0,0.4,0.0,1.0,Urobilinogen_a,0.0,0.0
348,8.0,0.5,0.0,0.9997524752475246,Protein_a,0.0,3.063425154396633e-07
349,8.0,0.5,0.0,0.0,Bilirubin_a,0.0,0.0
350,8.0,0.5,0.0,1.0,Glucose_a,0.0,0.0
351,8.0,0.5,0.0,1.0,Ketones_a,0.0,0.0
352,8.0,0.5,0.0,1.0,Nitrite_a,0.0,0.0
353,8.0,0.5,0.0,1.0,Urobilinogen_a,0.0,0.0
354,8.0,0.6,0.0,1.0,Protein_a,0.0,0.0
355,8.0,0.6,0.0,0.0,Bilirubin_a,0.0,0.0
356,8.0,0.6,0.0,1.0,Glucose_a,0.0,0.0
357,8.0,0.6,0.0,1.0,Ketones_a,0.0,0.0
358,8.0,0.6,0.0,1.0,Nitrite_a,0.0,0.0
359,8.0,0.6,0.0,1.0,Urobilinogen_a,0.0,0.0
360,8.0,0.7,0.0,1.0,Protein_a,0.0,0.0
361,8.0,0.7,0.0,0.0,Bilirubin_a,0.0,0.0
362,8.0,0.7,0.0,1.0,Glucose_a,0.0,0.0
363,8.0,0.7,0.0,1.0,Ketones_a,0.0,0.0
364,8.0,0.7,0.0,1.0,Nitrite_a,0.0,0.0
365,8.0,0.7,0.0,1.0,Urobilinogen_a,0.0,0.0
366,8.0,0.8,0.0,1.0,Protein_a,0.0,0.0
367,8.0,0.8,0.0,0.0,Bilirubin_a,0.0,0.0
368,8.0,0.8,0.0,1.0,Glucose_a,0.0,0.0
369,8.0,0.8,0.0,1.0,Ketones_a,0.0,0.0
370,8.0,0.8,0.0,1.0,Nitrite_a,0.0,0.0
371,8.0,0.8,0.0,1.0,Urobilinogen_a,0.0,0.0
372,8.0,0.9,0.0,1.0,Protein_a,0.0,0.0
373,8.0,0.9,0.0,0.0,Bilirubin_a,0.0,0.0
374,8.0,0.9,0.0,1.0,Glucose_a,0.0,0.0
375,8.0,0.9,0.0,1.0,Ketones_a,0.0,0.0
376,8.0,0.9,0.0,1.0,Nitrite_a,0.0,0.0
377,8.0,0.9,0.0,1.0,Urobilinogen_a,0.0,0.0
378,9.0,0.1,0.17444444444444446,0.9834298510503509,Protein_a,0.027709876543209878,0.0001785948785023289
379,9.0,0.1,0.0,0.0,Bilirubin_a,0.0,0.0
380,9.0,0.1,0.0,1.0,Glucose_a,0.0,0.0
381,9.0,0.1,0.0,0.9975609756097562,Ketones_a,0.0,2.9744199881023254e-05
382,9.0,0.1,0.0,0.9852873248909588,Nitrite_a,0.0,0.00033623815642512783
383,9.0,0.1,0.0,1.0,Urobilinogen_a,0.0,0.0
384,9.0,0.2,0.0,0.9972900322325609,Protein_a,0.0,2.911760740652069e-05
385,9.0,0.2,0.0,0.0,Bilirubin_a,0.0,0.0
386,9.0,0.2,0.0,1.0,Glucose_a,0.0,0.0
387,9.0,0.2,0.0,0.9941277517833559,Ketones_a,0.0,3.770859786151495e-05
388,9.0,0.2,0.0,1.0,Nitrite_a,0.0,0.0
389,9.0,0.2,0.0,1.0,Urobilinogen_a,0.0,0.0
390,9.0,0.3,0.0,0.9911080333356639,Protein_a,0.0,9.92733565568039e-05
391,9.0,0.3,0.0,0.0,Bilirubin_a,0.0,0.0
392,9.0,0.3,0.0,1.0,Glucose_a,0.0,0.0
393,9.0,0.3,0.0,0.9975579975579976,Ketones_a,0.0,2.981687963372924e-05
394,9.0,0.3,0.0,1.0,Nitrite_a,0.0,0.0
395,9.0,0.3,0.0,1.0,Urobilinogen_a,0.0,0.0
396,9.0,0.4,0.0,0.9975399753997539,Protein_a,0.0,3.0258605169077794e-05
397,9.0,0.4,0.0,0.0,Bilirubin_a,0.0,0.0
398,9.0,0.4,0.0,1.0,Glucose_a,0.0,0.0
399,9.0,0.4,0.0,0.998531211750306,Ketones_a,0.0,1.0786694612195946e-05
400,9.0,0.4,0.0,0.9983009708737864,Nitrite_a,0.0,1.443349985861079e-05
401,9.0,0.4,0.0,1.0,Urobilinogen_a,0.0,0.0
402,9.0,0.5,0.0,0.9975155279503106,Protein_a,0.0,3.086300682844037e-05
403,9.0,0.5,0.0,0.0,Bilirubin_a,0.0,0.0
404,9.0,0.5,0.0,1.0,Glucose_a,0.0,0.0
405,9.0,0.5,0.0,0.9975460122699387,Ketones_a,0.0,3.0110278896458477e-05
406,9.0,0.5,0.0,1.0,Nitrite_a,0.0,0.0
407,9.0,0.5,0.0,1.0,Urobilinogen_a,0.0,0.0
408,9.0,0.6,0.0,1.0,Protein_a,0.0,0.0
409,9.0,0.6,0.0,0.0,Bilirubin_a,0.0,0.0
410,9.0,0.6,0.0,1.0,Glucose_a,0.0,0.0
411,9.0,0.6,0.0,1.0,Ketones_a,0.0,0.0
412,9.0,0.6,0.0,1.0,Nitrite_a,0.0,0.0
413,9.0,0.6,0.0,1.0,Urobilinogen_a,0.0,0.0
414,9.0,0.7,0.0,0.9975369458128078,Protein_a,0.0,3.033317964522333e-05
415,9.0,0.7,0.0,0.0,Bilirubin_a,0.0,0.0
416,9.0,0.7,0.0,1.0,Glucose_a,0.0,0.0
417,9.0,0.7,0.0,1.0,Ketones_a,0.0,0.0
418,9.0,0.7,0.0,1.0,Nitrite_a,0.0,0.0
419,9.0,0.7,0.0,1.0,Urobilinogen_a,0.0,0.0
420,9.0,0.8,0.0,1.0,Protein_a,0.0,0.0
421,9.0,0.8,0.0,0.0,Bilirubin_a,0.0,0.0
422,9.0,0.8,0.0,1.0,Glucose_a,0.0,0.0
423,9.0,0.8,0.0,1.0,Ketones_a,0.0,0.0
424,9.0,0.8,0.0,1.0,Nitrite_a,0.0,0.0
425,9.0,0.8,0.0,1.0,Urobilinogen_a,0.0,0.0
426,9.0,0.9,0.0,1.0,Protein_a,0.0,0.0
427,9.0,0.9,0.0,0.0,Bilirubin_a,0.0,0.0
428,9.0,0.9,0.0,1.0,Glucose_a,0.0,0.0
429,9.0,0.9,0.0,1.0,Ketones_a,0.0,0.0
430,9.0,0.9,0.0,1.0,Nitrite_a,0.0,0.0
431,9.0,0.9,0.0,1.0,Urobilinogen_a,0.0,0.0
432,10.0,0.1,0.19519074421513447,0.9810274097784379,Protein_a,0.010573548083132009,0.00024023581390940831
433,10.0,0.1,0.0,0.0,Bilirubin_a,0.0,0.0
434,10.0,0.1,0.0,0.9983071342200726,Glucose_a,0.0,1.4328972744246762e-05
435,10.0,0.1,0.0,0.998044009779951,Ketones_a,0.0,1.9129488704634892e-05
436,10.0,0.1,0.0,0.9860164527372138,Nitrite_a,0.0,9.902407022989194e-05
437,10.0,0.1,0.0,1.0,Urobilinogen_a,0.0,0.0
438,10.0,0.2,0.0058823529411764705,0.9950586612298714,Protein_a,0.00017301038062283736,4.5781816069241996e-05
439,10.0,0.2,0.0,0.0,Bilirubin_a,0.0,0.0
440,10.0,0.2,0.0,1.0,Glucose_a,0.0,0.0
441,10.0,0.2,0.0,1.0,Ketones_a,0.0,0.0
442,10.0,0.2,0.0,0.9995166076665148,Nitrite_a,0.0,4.381408408369252e-07
443,10.0,0.2,0.0,1.0,Urobilinogen_a,0.0,0.0
444,10.0,0.3,0.0,0.9938109313699146,Protein_a,0.0,3.36679362344656e-05
445,10.0,0.3,0.0,0.0,Bilirubin_a,0.0,0.0
446,10.0,0.3,0.0,1.0,Glucose_a,0.0,0.0
447,10.0,0.3,0.0,1.0,Ketones_a,0.0,0.0
448,10.0,0.3,0.0,0.9985383678440926,Nitrite_a,0.0,1.0681842795912891e-05
449,10.0,0.3,0.0,1.0,Urobilinogen_a,0.0,0.0
450,10.0,0.4,0.0,0.9977777777777778,Protein_a,0.0,2.469135802469118e-05
451,10.0,0.4,0.0,0.0,Bilirubin_a,0.0,0.0
452,10.0,0.4,0.0,1.0,Glucose_a,0.0,0.0
453,10.0,0.4,0.0,0.9975550122249388,Ketones_a,0.0,2.9889826100991746e-05
454,10.0,0.4,0.0,1.0,Nitrite_a,0.0,0.0
455,10.0,0.4,0.0,1.0,Urobilinogen_a,0.0,0.0
456,10.0,0.5,0.0,0.9967830961093638,Protein_a,0.0,2.879506465956919e-05
457,10.0,0.5,0.0,0.0,Bilirubin_a,0.0,0.0
458,10.0,0.5,0.0,1.0,Glucose_a,0.0,0.0
459,10.0,0.5,0.0,1.0,Ketones_a,0.0,0.0
460,10.0,0.5,0.0,1.0,Nitrite_a,0.0,0.0
461,10.0,0.5,0.0,1.0,Urobilinogen_a,0.0,0.0
462,10.0,0.6,0.0,0.9958230958230958,Protein_a,0.0,8.723264251519762e-05
463,10.0,0.6,0.0,0.0,Bilirubin_a,0.0,0.0
464,10.0,0.6,0.0,1.0,Glucose_a,0.0,0.0
465,10.0,0.6,0.0,1.0,Ketones_a,0.0,0.0
466,10.0,0.6,0.0,1.0,Nitrite_a,0.0,0.0
467,10.0,0.6,0.0,1.0,Urobilinogen_a,0.0,0.0
468,10.0,0.7,0.0,0.9995012468827931,Protein_a,0.0,1.2437733596183661e-06
469,10.0,0.7,0.0,0.0,Bilirubin_a,0.0,0.0
470,10.0,0.7,0.0,1.0,Glucose_a,0.0,0.0
471,10.0,0.7,0.0,1.0,Ketones_a,0.0,0.0
472,10.0,0.7,0.0,1.0,Nitrite_a,0.0,0.0
473,10.0,0.7,0.0,1.0,Urobilinogen_a,0.0,0.0
474,10.0,0.8,0.0,1.0,Protein_a,0.0,0.0
475,10.0,0.8,0.0,0.0,Bilirubin_a,0.0,0.0
476,10.0,0.8,0.0,1.0,Glucose_a,0.0,0.0
477,10.0,0.8,0.0,1.0,Ketones_a,0.0,0.0
478,10.0,0.8,0.0,1.0,Nitrite_a,0.0,0.0
479,10.0,0.8,0.0,1.0,Urobilinogen_a,0.0,0.0
480,10.0,0.9,0.0,1.0,Protein_a,0.0,0.0
481,10.0,0.9,0.0,0.0,Bilirubin_a,0.0,0.0
482,10.0,0.9,0.0,1.0,Glucose_a,0.0,0.0
483,10.0,0.9,0.0,1.0,Ketones_a,0.0,0.0
484,10.0,0.9,0.0,1.0,Nitrite_a,0.0,0.0
485,10.0,0.9,0.0,1.0,Urobilinogen_a,0.0,0.0
486,11.0,0.1,0.06000000000000001,0.9824519275487686,Protein_a,0.007062500000000001,0.00018876356984564465
487,11.0,0.1,0.0,0.0,Bilirubin_a,0.0,0.0
488,11.0,0.1,0.0,0.9973380149550714,Glucose_a,0.0,2.8066693743612573e-05
489,11.0,0.1,0.0,0.9958476951517682,Ketones_a,0.0,3.402856061255419e-05
490,11.0,0.1,0.0,0.9867590707179374,Nitrite_a,0.0,0.0001974993720829475
491,11.0,0.1,0.0,1.0,Urobilinogen_a,0.0,0.0
492,11.0,0.2,0.0,0.9940388083165083,Protein_a,0.0,0.00010447033270201517
493,11.0,0.2,0.0,0.0,Bilirubin_a,0.0,0.0
494,11.0,0.2,0.0,0.9997593261131168,Glucose_a,0.0,2.8961959913750325e-07
495,11.0,0.2,0.0,0.9975874547647768,Ketones_a,0.0,2.910187255998992e-05
496,11.0,0.2,0.0,0.9958937198067634,Nitrite_a,0.0,8.43076851268406e-05
497,11.0,0.2,0.0,1.0,Urobilinogen_a,0.0,0.0
498,11.0,0.3,0.0,0.9987611493491357,Protein_a,0.0,4.606533455471839e-06
499,11.0,0.3,0.0,0.0,Bilirubin_a,0.0,0.0
500,11.0,0.3,0.0,1.0,Glucose_a,0.0,0.0
501,11.0,0.3,0.0,1.0,Ketones_a,0.0,0.0
502,11.0,0.3,0.0,0.9959183673469388,Nitrite_a,0.0,8.329862557267823e-05
503,11.0,0.3,0.0,1.0,Urobilinogen_a,0.0,0.0
504,11.0,0.4,0.0,0.9975186104218363,Protein_a,0.0,3.0786471193098936e-05
505,11.0,0.4,0.0,0.0,Bilirubin_a,0.0,0.0
506,11.0,0.4,0.0,1.0,Glucose_a,0.0,0.0
507,11.0,0.4,0.0,0.9980535279805351,Ketones_a,0.0,1.8943766612795283e-05
508,11.0,0.4,0.0,1.0,Nitrite_a,0.0,0.0
509,11.0,0.4,0.0,1.0,Urobilinogen_a,0.0,0.0
510,11.0,0.5,0.0,0.9950184018251385,Protein_a,0.0,4.653493041469851e-05
511,11.0,0.5,0.0,0.0,Bilirubin_a,0.0,0.0
512,11.0,0.5,0.0,1.0,Glucose_a,0.0,0.0
513,11.0,0.5,0.0,1.0,Ketones_a,0.0,0.0
514,11.0,0.5,0.0,1.0,Nitrite_a,0.0,0.0
515,11.0,0.5,0.0,1.0,Urobilinogen_a,0.0,0.0
516,11.0,0.6,0.0,0.996282527881041,Protein_a,0.0,6.909799477619121e-05
517,11.0,0.6,0.0,0.0,Bilirubin_a,0.0,0.0
518,11.0,0.6,0.0,1.0,Glucose_a,0.0,0.0
519,11.0,0.6,0.0,1.0,Ketones_a,0.0,0.0
520,11.0,0.6,0.0,1.0,Nitrite_a,0.0,0.0
521,11.0,0.6,0.0,1.0,Urobilinogen_a,0.0,0.0
522,11.0,0.7,0.0,0.9975216852540273,Protein_a,0.0,3.071021990052943e-05
523,11.0,0.7,0.0,0.0,Bilirubin_a,0.0,0.0
524,11.0,0.7,0.0,1.0,Glucose_a,0.0,0.0
525,11.0,0.7,0.0,1.0,Ketones_a,0.0,0.0
526,11.0,0.7,0.0,1.0,Nitrite_a,0.0,0.0
527,11.0,0.7,0.0,1.0,Urobilinogen_a,0.0,0.0
528,11.0,0.8,0.0,1.0,Protein_a,0.0,0.0
529,11.0,0.8,0.0,0.0,Bilirubin_a,0.0,0.0
530,11.0,0.8,0.0,1.0,Glucose_a,0.0,0.0
531,11.0,0.8,0.0,1.0,Ketones_a,0.0,0.0
532,11.0,0.8,0.0,1.0,Nitrite_a,0.0,0.0
533,11.0,0.8,0.0,1.0,Urobilinogen_a,0.0,0.0
534,11.0,0.9,0.0,1.0,Protein_a,0.0,0.0
535,11.0,0.9,0.0,0.0,Bilirubin_a,0.0,0.0
536,11.0,0.9,0.0,1.0,Glucose_a,0.0,0.0
537,11.0,0.9,0.0,1.0,Ketones_a,0.0,0.0
538,11.0,0.9,0.0,1.0,Nitrite_a,0.0,0.0
539,11.0,0.9,0.0,1.0,Urobilinogen_a,0.0,0.0
540,12.0,0.1,0.0950326797385621,0.9908506191110502,Protein_a,0.021538812529369046,2.8725813281707415e-05
541,12.0,0.1,0.0,0.0,Bilirubin_a,0.0,0.0
542,12.0,0.1,0.0,0.9978339350180505,Glucose_a,0.0,2.3459187530138723e-05
543,12.0,0.1,0.0,0.9948702617261732,Ketones_a,0.0,3.619864561575684e-05
544,12.0,0.1,0.0,0.9903694709916995,Nitrite_a,0.0,4.039416888191329e-05
545,12.0,0.1,0.0,1.0,Urobilinogen_a,0.0,0.0
546,12.0,0.2,0.0,0.9985179081017564,Protein_a,0.0,4.878814353752699e-06
547,12.0,0.2,0.0,0.0,Bilirubin_a,0.0,0.0
548,12.0,0.2,0.0,1.0,Glucose_a,0.0,0.0
549,12.0,0.2,0.0,0.9951248785675876,Ketones_a,0.0,4.456345635397602e-05
550,12.0,0.2,0.0,1.0,Nitrite_a,0.0,0.0
551,12.0,0.2,0.0,1.0,Urobilinogen_a,0.0,0.0
552,12.0,0.3,0.0,0.9975247524752475,Protein_a,0.0,3.063425154396633e-05
553,12.0,0.3,0.0,0.0,Bilirubin_a,0.0,0.0
554,12.0,0.3,0.0,1.0,Glucose_a,0.0,0.0
555,12.0,0.3,0.0,0.997799511002445,Ketones_a,0.0,2.4210759141803168e-05
556,12.0,0.3,0.0,0.9966160123821585,Nitrite_a,0.0,3.966856775650011e-05
557,12.0,0.3,0.0,1.0,Urobilinogen_a,0.0,0.0
558,12.0,0.4,0.0,0.9925680850412032,Protein_a,0.0,0.0001229946035909806
559,12.0,0.4,0.0,0.0,Bilirubin_a,0.0,0.0
560,12.0,0.4,0.0,0.9995151515151516,Glucose_a,0.0,1.1753902662993724e-06
561,12.0,0.4,0.0,0.9975429975429975,Ketones_a,0.0,3.018430536858078e-05
562,12.0,0.4,0.0,1.0,Nitrite_a,0.0,0.0
563,12.0,0.4,0.0,1.0,Urobilinogen_a,0.0,0.0
564,12.0,0.5,0.0,1.0,Protein_a,0.0,0.0
565,12.0,0.5,0.0,0.0,Bilirubin_a,0.0,0.0
566,12.0,0.5,0.0,1.0,Glucose_a,0.0,0.0
567,12.0,0.5,0.0,0.9978048780487805,Ketones_a,0.0,2.4092801903628836e-05
568,12.0,0.5,0.0,1.0,Nitrite_a,0.0,0.0
569,12.0,0.5,0.0,1.0,Urobilinogen_a,0.0,0.0
570,12.0,0.6,0.0,1.0,Protein_a,0.0,0.0
571,12.0,0.6,0.0,0.0,Bilirubin_a,0.0,0.0
572,12.0,0.6,0.0,1.0,Glucose_a,0.0,0.0
573,12.0,0.6,0.0,0.9975609756097562,Ketones_a,0.0,2.9744199881023254e-05
574,12.0,0.6,0.0,1.0,Nitrite_a,0.0,0.0
575,12.0,0.6,0.0,1.0,Urobilinogen_a,0.0,0.0
576,12.0,0.7,0.0,1.0,Protein_a,0.0,0.0
577,12.0,0.7,0.0,0.0,Bilirubin_a,0.0,0.0
578,12.0,0.7,0.0,1.0,Glucose_a,0.0,0.0
579,12.0,0.7,0.0,1.0,Ketones_a,0.0,0.0
580,12.0,0.7,0.0,1.0,Nitrite_a,0.0,0.0
581,12.0,0.7,0.0,1.0,Urobilinogen_a,0.0,0.0
582,12.0,0.8,0.0,1.0,Protein_a,0.0,0.0
583,12.0,0.8,0.0,0.0,Bilirubin_a,0.0,0.0
584,12.0,0.8,0.0,1.0,Glucose_a,0.0,0.0
585,12.0,0.8,0.0,1.0,Ketones_a,0.0,0.0
586,12.0,0.8,0.0,1.0,Nitrite_a,0.0,0.0
587,12.0,0.8,0.0,1.0,Urobilinogen_a,0.0,0.0
588,12.0,0.9,0.0,1.0,Protein_a,0.0,0.0
589,12.0,0.9,0.0,0.0,Bilirubin_a,0.0,0.0
590,12.0,0.9,0.0,1.0,Glucose_a,0.0,0.0
591,12.0,0.9,0.0,1.0,Ketones_a,0.0,0.0
592,12.0,0.9,0.0,1.0,Nitrite_a,0.0,0.0
593,12.0,0.9,0.0,1.0,Urobilinogen_a,0.0,0.0
594,13.0,0.1,0.049146341463414636,0.9888732869372479,Protein_a,0.005674375371802499,0.00011960700283309691
595,13.0,0.1,0.0,0.0,Bilirubin_a,0.0,0.0
596,13.0,0.1,0.0,0.9975680882274969,Glucose_a,0.0,2.2943307815029214e-05
597,13.0,0.1,0.0,0.9922201921754535,Ketones_a,0.0,5.352745124070257e-05
598,13.0,0.1,0.0,0.9799785498919416,Nitrite_a,0.0,0.0001234361700845299
599,13.0,0.1,0.0,1.0,Urobilinogen_a,0.0,0.0
600,13.0,0.2,0.005128205128205128,0.9888244765086721,Protein_a,0.00013149243918474687,8.507537059372182e-05
601,13.0,0.2,0.0,0.0,Bilirubin_a,0.0,0.0
602,13.0,0.2,0.0,0.9997569866342648,Glucose_a,0.0,2.9527747962953627e-07
603,13.0,0.2,0.0,0.9987705780809228,Ketones_a,0.0,4.549999105582235e-06
604,13.0,0.2,0.0,0.9985507204149122,Nitrite_a,0.0,3.948840904330572e-06
605,13.0,0.2,0.0,1.0,Urobilinogen_a,0.0,0.0
606,13.0,0.3,0.0,0.9933002481389579,Protein_a,0.0,0.00022443337499769155
607,13.0,0.3,0.0,0.0,Bilirubin_a,0.0,0.0
608,13.0,0.3,0.0,0.9997590361445784,Glucose_a,0.0,2.903178980984357e-07
609,13.0,0.3,0.0,0.9973128731287314,Ketones_a,0.0,2.2603119110121936e-05
610,13.0,0.3,0.0,1.0,Nitrite_a,0.0,0.0
611,13.0,0.3,0.0,1.0,Urobilinogen_a,0.0,0.0
612,13.0,0.4,0.0,1.0,Protein_a,0.0,0.0
613,13.0,0.4,0.0,0.0,Bilirubin_a,0.0,0.0
614,13.0,0.4,0.0,1.0,Glucose_a,0.0,0.0
615,13.0,0.4,0.0,0.9975339087546239,Ketones_a,0.0,3.0408030152602967e-05
616,13.0,0.4,0.0,1.0,Nitrite_a,0.0,0.0
617,13.0,0.4,0.0,1.0,Urobilinogen_a,0.0,0.0
618,13.0,0.5,0.0,1.0,Protein_a,0.0,0.0
619,13.0,0.5,0.0,0.0,Bilirubin_a,0.0,0.0
620,13.0,0.5,0.0,1.0,Glucose_a,0.0,0.0
621,13.0,0.5,0.0,1.0,Ketones_a,0.0,0.0
622,13.0,0.5,0.0,1.0,Nitrite_a,0.0,0.0
623,13.0,0.5,0.0,1.0,Urobilinogen_a,0.0,0.0
624,13.0,0.6,0.0,1.0,Protein_a,0.0,0.0
625,13.0,0.6,0.0,0.0,Bilirubin_a,0.0,0.0
626,13.0,0.6,0.0,1.0,Glucose_a,0.0,0.0
627,13.0,0.6,0.0,1.0,Ketones_a,0.0,0.0
628,13.0,0.6,0.0,1.0,Nitrite_a,0.0,0.0
629,13.0,0.6,0.0,1.0,Urobilinogen_a,0.0,0.0
630,13.0,0.7,0.0,1.0,Protein_a,0.0,0.0
631,13.0,0.7,0.0,0.0,Bilirubin_a,0.0,0.0
632,13.0,0.7,0.0,1.0,Glucose_a,0.0,0.0
633,13.0,0.7,0.0,1.0,Ketones_a,0.0,0.0
634,13.0,0.7,0.0,1.0,Nitrite_a,0.0,0.0
635,13.0,0.7,0.0,1.0,Urobilinogen_a,0.0,0.0
636,13.0,0.8,0.0,1.0,Protein_a,0.0,0.0
637,13.0,0.8,0.0,0.0,Bilirubin_a,0.0,0.0
638,13.0,0.8,0.0,1.0,Glucose_a,0.0,0.0
639,13.0,0.8,0.0,1.0,Ketones_a,0.0,0.0
640,13.0,0.8,0.0,1.0,Nitrite_a,0.0,0.0
641,13.0,0.8,0.0,1.0,Urobilinogen_a,0.0,0.0
642,13.0,0.9,0.0,1.0,Protein_a,0.0,0.0
643,13.0,0.9,0.0,0.0,Bilirubin_a,0.0,0.0
644,13.0,0.9,0.0,1.0,Glucose_a,0.0,0.0
645,13.0,0.9,0.0,1.0,Ketones_a,0.0,0.0
646,13.0,0.9,0.0,1.0,Nitrite_a,0.0,0.0
647,13.0,0.9,0.0,1.0,Urobilinogen_a,0.0,0.0
648,14.0,0.1,0.03111111111111111,0.984393084286749,Protein_a,0.004839506172839506,3.6542334638509804e-05
649,14.0,0.1,0.0,0.0,Bilirubin_a,0.0,0.0
650,14.0,0.1,0.0,0.9963738275784637,Glucose_a,0.0,2.6444636778419226e-05
651,14.0,0.1,0.0,0.9963315370059913,Ketones_a,0.0,1.3484725771684388e-05
652,14.0,0.1,0.0,0.9883799664513504,Nitrite_a,0.0,0.00013203856560203614
653,14.0,0.1,0.0,1.0,Urobilinogen_a,0.0,0.0
654,14.0,0.2,0.04088235294117647,0.9873723902796657,Protein_a,0.003908304498269896,6.355777218353768e-05
655,14.0,0.2,0.0,0.0,Bilirubin_a,0.0,0.0
656,14.0,0.2,0.0,1.0,Glucose_a,0.0,0.0
657,14.0,0.2,0.0,0.9963144963144963,Ketones_a,0.0,6.791468707930635e-05
658,14.0,0.2,0.0,0.9946731234866828,Nitrite_a,0.0,0.00014187806694065098
659,14.0,0.2,0.0,1.0,Urobilinogen_a,0.0,0.0
660,14.0,0.3,0.0,0.9908261947470149,Protein_a,0.0,0.00010607834059492772
661,14.0,0.3,0.0,0.0,Bilirubin_a,0.0,0.0
662,14.0,0.3,0.0,1.0,Glucose_a,0.0,0.0
663,14.0,0.3,0.0,1.0,Ketones_a,0.0,0.0
664,14.0,0.3,0.0,1.0,Nitrite_a,0.0,0.0
665,14.0,0.3,0.0,1.0,Urobilinogen_a,0.0,0.0
666,14.0,0.4,0.0,0.9975278121137207,Protein_a,0.0,3.055856472533216e-05
667,14.0,0.4,0.0,0.0,Bilirubin_a,0.0,0.0
668,14.0,0.4,0.0,1.0,Glucose_a,0.0,0.0
669,14.0,0.4,0.0,0.993894939351434,Ketones_a,0.0,7.468088892006113e-05
670,14.0,0.4,0.0,1.0,Nitrite_a,0.0,0.0
671,14.0,0.4,0.0,1.0,Urobilinogen_a,0.0,0.0
672,14.0,0.5,0.0,1.0,Protein_a,0.0,0.0
673,14.0,0.5,0.0,0.0,Bilirubin_a,0.0,0.0
674,14.0,0.5,0.0,1.0,Glucose_a,0.0,0.0
675,14.0,0.5,0.0,0.9975698663426489,Ketones_a,0.0,2.9527747962954706e-05
676,14.0,0.5,0.0,1.0,Nitrite_a,0.0,0.0
677,14.0,0.5,0.0,1.0,Urobilinogen_a,0.0,0.0
678,14.0,0.6,0.0,1.0,Protein_a,0.0,0.0
679,14.0,0.6,0.0,0.0,Bilirubin_a,0.0,0.0
680,14.0,0.6,0.0,1.0,Glucose_a,0.0,0.0
681,14.0,0.6,0.0,1.0,Ketones_a,0.0,0.0
682,14.0,0.6,0.0,1.0,Nitrite_a,0.0,0.0
683,14.0,0.6,0.0,1.0,Urobilinogen_a,0.0,0.0
684,14.0,0.7,0.0,0.9975399753997539,Protein_a,0.0,3.0258605169077794e-05
685,14.0,0.7,0.0,0.0,Bilirubin_a,0.0,0.0
686,14.0,0.7,0.0,1.0,Glucose_a,0.0,0.0
687,14.0,0.7,0.0,0.9953568976326238,Ketones_a,0.0,4.062180362390949e-05
688,14.0,0.7,0.0,1.0,Nitrite_a,0.0,0.0
689,14.0,0.7,0.0,1.0,Urobilinogen_a,0.0,0.0
690,14.0,0.8,0.0,1.0,Protein_a,0.0,0.0
691,14.0,0.8,0.0,0.0,Bilirubin_a,0.0,0.0
692,14.0,0.8,0.0,1.0,Glucose_a,0.0,0.0
693,14.0,0.8,0.0,1.0,Ketones_a,0.0,0.0
694,14.0,0.8,0.0,1.0,Nitrite_a,0.0,0.0
695,14.0,0.8,0.0,1.0,Urobilinogen_a,0.0,0.0
696,14.0,0.9,0.0,1.0,Protein_a,0.0,0.0
697,14.0,0.9,0.0,0.0,Bilirubin_a,0.0,0.0
698,14.0,0.9,0.0,1.0,Glucose_a,0.0,0.0
699,14.0,0.9,0.0,1.0,Ketones_a,0.0,0.0
700,14.0,0.9,0.0,1.0,Nitrite_a,0.0,0.0
701,14.0,0.9,0.0,1.0,Urobilinogen_a,0.0,0.0
702,15.0,0.1,0.03333333333333334,0.9811327937709476,Protein_a,0.0022222222222222227,0.00013250411428197945
703,15.0,0.1,0.0,0.0,Bilirubin_a,0.0,0.0
704,15.0,0.1,0.0,0.9975854130696385,Glucose_a,0.0,2.2611098947361908e-05
705,15.0,0.1,0.0,0.9909478526369592,Ketones_a,0.0,0.00022140067355283432
706,15.0,0.1,0.0,0.9915318968315565,Nitrite_a,0.0,2.7665803187967514e-05
707,15.0,0.1,0.0,1.0,Urobilinogen_a,0.0,0.0
708,15.0,0.2,0.0,0.9948281614948282,Protein_a,0.0,5.0322817534473716e-05
709,15.0,0.2,0.0,0.0,Bilirubin_a,0.0,0.0
710,15.0,0.2,0.0,0.998794597290526,Glucose_a,0.0,4.365284667699328e-06
711,15.0,0.2,0.0,0.9914243481420577,Ketones_a,0.0,6.756005078407841e-05
712,15.0,0.2,0.0,0.9961311463959769,Nitrite_a,0.0,4.646544371025104e-05
713,15.0,0.2,0.0,1.0,Urobilinogen_a,0.0,0.0
714,15.0,0.3,0.0,0.9900680855007085,Protein_a,0.0,0.00010856477492468304
715,15.0,0.3,0.0,0.0,Bilirubin_a,0.0,0.0
716,15.0,0.3,0.0,1.0,Glucose_a,0.0,0.0
717,15.0,0.3,0.0,1.0,Ketones_a,0.0,0.0
718,15.0,0.3,0.0,1.0,Nitrite_a,0.0,0.0
719,15.0,0.3,0.0,1.0,Urobilinogen_a,0.0,0.0
720,15.0,0.4,0.0,0.9970296801087393,Protein_a,0.0,2.8720552426058527e-05
721,15.0,0.4,0.0,0.0,Bilirubin_a,0.0,0.0
722,15.0,0.4,0.0,1.0,Glucose_a,0.0,0.0
723,15.0,0.4,0.0,1.0,Ketones_a,0.0,0.0
724,15.0,0.4,0.0,1.0,Nitrite_a,0.0,0.0
725,15.0,0.4,0.0,1.0,Urobilinogen_a,0.0,0.0
726,15.0,0.5,0.0,0.9940744222872683,Protein_a,0.0,5.877603815808775e-05
727,15.0,0.5,0.0,0.0,Bilirubin_a,0.0,0.0
728,15.0,0.5,0.0,1.0,Glucose_a,0.0,0.0
729,15.0,0.5,0.0,0.9975579975579976,Ketones_a,0.0,2.981687963372924e-05
730,15.0,0.5,0.0,1.0,Nitrite_a,0.0,0.0
731,15.0,0.5,0.0,1.0,Urobilinogen_a,0.0,0.0
732,15.0,0.6,0.0,0.9935704681579269,Protein_a,0.0,8.445995287437069e-05
733,15.0,0.6,0.0,0.0,Bilirubin_a,0.0,0.0
734,15.0,0.6,0.0,1.0,Glucose_a,0.0,0.0
735,15.0,0.6,0.0,1.0,Ketones_a,0.0,0.0
736,15.0,0.6,0.0,1.0,Nitrite_a,0.0,0.0
737,15.0,0.6,0.0,1.0,Urobilinogen_a,0.0,0.0
738,15.0,0.7,0.0,0.9997536945812808,Protein_a,0.0,3.0333179645224424e-07
739,15.0,0.7,0.0,0.0,Bilirubin_a,0.0,0.0
740,15.0,0.7,0.0,1.0,Glucose_a,0.0,0.0
741,15.0,0.7,0.0,0.9953711945878583,Ketones_a,0.0,4.036758119608753e-05
742,15.0,0.7,0.0,1.0,Nitrite_a,0.0,0.0
743,15.0,0.7,0.0,1.0,Urobilinogen_a,0.0,0.0
744,15.0,0.8,0.0,1.0,Protein_a,0.0,0.0
745,15.0,0.8,0.0,0.0,Bilirubin_a,0.0,0.0
746,15.0,0.8,0.0,1.0,Glucose_a,0.0,0.0
747,15.0,0.8,0.0,1.0,Ketones_a,0.0,0.0
748,15.0,0.8,0.0,1.0,Nitrite_a,0.0,0.0
749,15.0,0.8,0.0,1.0,Urobilinogen_a,0.0,0.0
750,15.0,0.9,0.0,1.0,Protein_a,0.0,0.0
751,15.0,0.9,0.0,0.0,Bilirubin_a,0.0,0.0
752,15.0,0.9,0.0,1.0,Glucose_a,0.0,0.0
753,15.0,0.9,0.0,1.0,Ketones_a,0.0,0.0
754,15.0,0.9,0.0,1.0,Nitrite_a,0.0,0.0
755,15.0,0.9,0.0,1.0,Urobilinogen_a,0.0,0.0
756,16.0,0.1,0.0812051649928264,0.9685606310304958,Protein_a,0.005964895668873982,0.0005297040571103952
757,16.0,0.1,0.0,0.0,Bilirubin_a,0.0,0.0
758,16.0,0.1,0.0,1.0,Glucose_a,0.0,0.0
759,16.0,0.1,0.0,0.997553804259724,Ketones_a,0.0,2.3226833446656458e-05
760,16.0,0.1,0.0,0.9944574439945469,Nitrite_a,0.0,5.9130855119740586e-05
761,16.0,0.1,0.0,1.0,Urobilinogen_a,0.0,0.0
762,16.0,0.2,0.005,0.9896011793896555,Protein_a,0.000125,7.695787070077903e-05
763,16.0,0.2,0.0,0.0,Bilirubin_a,0.0,0.0
764,16.0,0.2,0.0,0.9997593261131168,Glucose_a,0.0,2.8961959913750325e-07
765,16.0,0.2,0.0,0.9975579975579976,Ketones_a,0.0,2.981687963372924e-05
766,16.0,0.2,0.0,0.9942028985507246,Nitrite_a,0.0,0.00016803192606595273
767,16.0,0.2,0.0,1.0,Urobilinogen_a,0.0,0.0
768,16.0,0.3,0.0,0.9972689225316989,Protein_a,0.0,2.954925908455392e-05
769,16.0,0.3,0.0,0.0,Bilirubin_a,0.0,0.0
770,16.0,0.3,0.0,1.0,Glucose_a,0.0,0.0
771,16.0,0.3,0.0,0.9934146341463415,Ketones_a,0.0,0.0002168352171326595
772,16.0,0.3,0.0,0.9987966305655837,Nitrite_a,0.0,7.2404899784378485e-06
773,16.0,0.3,0.0,1.0,Urobilinogen_a,0.0,0.0
774,16.0,0.4,0.0,1.0,Protein_a,0.0,0.0
775,16.0,0.4,0.0,0.0,Bilirubin_a,0.0,0.0
776,16.0,0.4,0.0,1.0,Glucose_a,0.0,0.0
777,16.0,0.4,0.0,1.0,Ketones_a,0.0,0.0
778,16.0,0.4,0.0,0.9978339350180505,Nitrite_a,0.0,2.3459187530138723e-05
779,16.0,0.4,0.0,1.0,Urobilinogen_a,0.0,0.0
780,16.0,0.5,0.0,1.0,Protein_a,0.0,0.0
781,16.0,0.5,0.0,0.0,Bilirubin_a,0.0,0.0
782,16.0,0.5,0.0,1.0,Glucose_a,0.0,0.0
783,16.0,0.5,0.0,0.997566909975669,Ketones_a,0.0,2.959963533249263e-05
784,16.0,0.5,0.0,1.0,Nitrite_a,0.0,0.0
785,16.0,0.5,0.0,1.0,Urobilinogen_a,0.0,0.0
786,16.0,0.6,0.0,1.0,Protein_a,0.0,0.0
787,16.0,0.6,0.0,0.0,Bilirubin_a,0.0,0.0
788,16.0,0.6,0.0,1.0,Glucose_a,0.0,0.0
789,16.0,0.6,0.0,0.9975639464068209,Ketones_a,0.0,2.967178554420265e-05
790,16.0,0.6,0.0,1.0,Nitrite_a,0.0,0.0
791,16.0,0.6,0.0,1.0,Urobilinogen_a,0.0,0.0
792,16.0,0.7,0.0,1.0,Protein_a,0.0,0.0
793,16.0,0.7,0.0,0.0,Bilirubin_a,0.0,0.0
794,16.0,0.7,0.0,1.0,Glucose_a,0.0,0.0
795,16.0,0.7,0.0,1.0,Ketones_a,0.0,0.0
796,16.0,0.7,0.0,1.0,Nitrite_a,0.0,0.0
797,16.0,0.7,0.0,1.0,Urobilinogen_a,0.0,0.0
798,16.0,0.8,0.0,0.9990099009900991,Protein_a,0.0,4.901480247034613e-06
799,16.0,0.8,0.0,0.0,Bilirubin_a,0.0,0.0
800,16.0,0.8,0.0,1.0,Glucose_a,0.0,0.0
801,16.0,0.8,0.0,0.9997566909975669,Ketones_a,0.0,2.959963533249533e-07
802,16.0,0.8,0.0,1.0,Nitrite_a,0.0,0.0
803,16.0,0.8,0.0,1.0,Urobilinogen_a,0.0,0.0
804,16.0,0.9,0.0,1.0,Protein_a,0.0,0.0
805,16.0,0.9,0.0,0.0,Bilirubin_a,0.0,0.0
806,16.0,0.9,0.0,1.0,Glucose_a,0.0,0.0
807,16.0,0.9,0.0,0.9975609756097562,Ketones_a,0.0,2.9744199881023254e-05
808,16.0,0.9,0.0,1.0,Nitrite_a,0.0,0.0
809,16.0,0.9,0.0,1.0,Urobilinogen_a,0.0,0.0
810,17.0,0.1,0.1993183239524703,0.9797228172022276,Protein_a,0.015321468189155122,0.00040174412673714096
811,17.0,0.1,0.0,0.0,Bilirubin_a,0.0,0.0
812,17.0,0.1,0.0,0.9975757575757577,Glucose_a,0.0,2.938475665748377e-05
813,17.0,0.1,0.0,0.9900046316216582,Ketones_a,0.0,9.922151136524257e-05
814,17.0,0.1,0.0,0.9901248000762646,Nitrite_a,0.0,4.315502538800556e-05
815,17.0,0.1,0.0,1.0,Urobilinogen_a,0.0,0.0
816,17.0,0.2,0.035555555555555556,0.9912853770304461,Protein_a,0.006320987654320988,0.0001190451838434909
817,17.0,0.2,0.0,0.0,Bilirubin_a,0.0,0.0
818,17.0,0.2,0.0,0.9975970175034548,Glucose_a,0.0,2.23941946376443e-05
819,17.0,0.2,0.0,0.9963214213304699,Ketones_a,0.0,3.461947866387712e-05
820,17.0,0.2,0.0,0.9978356706470425,Nitrite_a,0.0,1.040439030076727e-05
821,17.0,0.2,0.0,1.0,Urobilinogen_a,0.0,0.0
822,17.0,0.3,0.0,0.9923926380368098,Protein_a,0.0,0.00013128081598855784
823,17.0,0.3,0.0,0.0,Bilirubin_a,0.0,0.0
824,17.0,0.3,0.0,0.9997596153846153,Glucose_a,0.0,2.8892381656807196e-07
825,17.0,0.3,0.0,0.9975874547647768,Ketones_a,0.0,2.910187255998992e-05
826,17.0,0.3,0.0,1.0,Nitrite_a,0.0,0.0
827,17.0,0.3,0.0,1.0,Urobilinogen_a,0.0,0.0
828,17.0,0.4,0.0,0.9950495049504952,Protein_a,0.0,0.00012253700617586533
829,17.0,0.4,0.0,0.0,Bilirubin_a,0.0,0.0
830,17.0,0.4,0.0,0.9978391356542616,Glucose_a,0.0,2.3346673603415064e-05
831,17.0,0.4,0.0,1.0,Ketones_a,0.0,0.0
832,17.0,0.4,0.0,1.0,Nitrite_a,0.0,0.0
833,17.0,0.4,0.0,1.0,Urobilinogen_a,0.0,0.0
834,17.0,0.5,0.0,1.0,Protein_a,0.0,0.0
835,17.0,0.5,0.0,0.0,Bilirubin_a,0.0,0.0
836,17.0,0.5,0.0,1.0,Glucose_a,0.0,0.0
837,17.0,0.5,0.0,1.0,Ketones_a,0.0,0.0
838,17.0,0.5,0.0,1.0,Nitrite_a,0.0,0.0
839,17.0,0.5,0.0,1.0,Urobilinogen_a,0.0,0.0
840,17.0,0.6,0.0,0.9990074441687344,Protein_a,0.0,4.925835390895918e-06
841,17.0,0.6,0.0,0.0,Bilirubin_a,0.0,0.0
842,17.0,0.6,0.0,1.0,Glucose_a,0.0,0.0
843,17.0,0.6,0.0,0.9975579975579976,Ketones_a,0.0,2.981687963372924e-05
844,17.0,0.6,0.0,1.0,Nitrite_a,0.0,0.0
845,17.0,0.6,0.0,1.0,Urobilinogen_a,0.0,0.0
846,17.0,0.7,0.0,0.9950372208436725,Protein_a,0.0,0.00012314588477239574
847,17.0,0.7,0.0,0.0,Bilirubin_a,0.0,0.0
848,17.0,0.7,0.0,1.0,Glucose_a,0.0,0.0
849,17.0,0.7,0.0,0.9975609756097562,Ketones_a,0.0,2.9744199881023254e-05
850,17.0,0.7,0.0,1.0,Nitrite_a,0.0,0.0
851,17.0,0.7,0.0,1.0,Urobilinogen_a,0.0,0.0
852,17.0,0.8,0.0,1.0,Protein_a,0.0,0.0
853,17.0,0.8,0.0,0.0,Bilirubin_a,0.0,0.0
854,17.0,0.8,0.0,1.0,Glucose_a,0.0,0.0
855,17.0,0.8,0.0,0.9975757575757577,Ketones_a,0.0,2.938475665748377e-05
856,17.0,0.8,0.0,1.0,Nitrite_a,0.0,0.0
857,17.0,0.8,0.0,1.0,Urobilinogen_a,0.0,0.0
858,17.0,0.9,0.0,1.0,Protein_a,0.0,0.0
859,17.0,0.9,0.0,0.0,Bilirubin_a,0.0,0.0
860,17.0,0.9,0.0,1.0,Glucose_a,0.0,0.0
861,17.0,0.9,0.0,1.0,Ketones_a,0.0,0.0
862,17.0,0.9,0.0,1.0,Nitrite_a,0.0,0.0
863,17.0,0.9,0.0,1.0,Urobilinogen_a,0.0,0.0
864,18.0,0.1,0.2520034843205575,0.9690922303407767,Protein_a,0.008603475670458547,0.00045896047266632775
865,18.0,0.1,0.0,0.0,Bilirubin_a,0.0,0.0
866,18.0,0.1,0.0,0.9971048678843488,Glucose_a,0.0,1.2096172915940005e-05
867,18.0,0.1,0.0,0.9880576928789994,Ketones_a,0.0,0.00013471983565156332
868,18.0,0.1,0.0,0.9956469102010738,Nitrite_a,0.0,3.553019432866554e-05
869,18.0,0.1,0.0,1.0,Urobilinogen_a,0.0,0.0
870,18.0,0.2,0.029268292682926828,0.9816959726024986,Protein_a,0.00428316478286734,0.0004028740005608032
871,18.0,0.2,0.0,0.0,Bilirubin_a,0.0,0.0
872,18.0,0.2,0.0,1.0,Glucose_a,0.0,0.0
873,18.0,0.2,0.0,0.9953771289537713,Ketones_a,0.0,4.025550405219016e-05
874,18.0,0.2,0.0,0.9951979226043447,Nitrite_a,0.0,1.6490528032267616e-05
875,18.0,0.2,0.0,1.0,Urobilinogen_a,0.0,0.0
876,18.0,0.3,0.0,0.9950402041726243,Protein_a,0.0,4.612565025532475e-05
877,18.0,0.3,0.0,0.0,Bilirubin_a,0.0,0.0
878,18.0,0.3,0.0,1.0,Glucose_a,0.0,0.0
879,18.0,0.3,0.0,1.0,Ketones_a,0.0,0.0
880,18.0,0.3,0.0,1.0,Nitrite_a,0.0,0.0
881,18.0,0.3,0.0,1.0,Urobilinogen_a,0.0,0.0
882,18.0,0.4,0.0,1.0,Protein_a,0.0,0.0
883,18.0,0.4,0.0,0.0,Bilirubin_a,0.0,0.0
884,18.0,0.4,0.0,1.0,Glucose_a,0.0,0.0
885,18.0,0.4,0.0,0.9951068853754231,Ketones_a,0.0,4.489458721540248e-05
886,18.0,0.4,0.0,1.0,Nitrite_a,0.0,0.0
887,18.0,0.4,0.0,1.0,Urobilinogen_a,0.0,0.0
888,18.0,0.5,0.0,0.9992574257425743,Protein_a,0.0,2.7570826389569695e-06
889,18.0,0.5,0.0,0.0,Bilirubin_a,0.0,0.0
890,18.0,0.5,0.0,1.0,Glucose_a,0.0,0.0
891,18.0,0.5,0.0,0.9973137973137973,Ketones_a,0.0,3.607842435681238e-05
892,18.0,0.5,0.0,1.0,Nitrite_a,0.0,0.0
893,18.0,0.5,0.0,1.0,Urobilinogen_a,0.0,0.0
894,18.0,0.6,0.0,0.9975278121137207,Protein_a,0.0,3.055856472533216e-05
895,18.0,0.6,0.0,0.0,Bilirubin_a,0.0,0.0
896,18.0,0.6,0.0,1.0,Glucose_a,0.0,0.0
897,18.0,0.6,0.0,0.9975786924939467,Ketones_a,0.0,2.9313650194349575e-05
898,18.0,0.6,0.0,1.0,Nitrite_a,0.0,0.0
899,18.0,0.6,0.0,1.0,Urobilinogen_a,0.0,0.0
900,18.0,0.7,0.0,1.0,Protein_a,0.0,0.0
901,18.0,0.7,0.0,0.0,Bilirubin_a,0.0,0.0
902,18.0,0.7,0.0,1.0,Glucose_a,0.0,0.0
903,18.0,0.7,0.0,0.9975460122699387,Ketones_a,0.0,3.0110278896458477e-05
904,18.0,0.7,0.0,1.0,Nitrite_a,0.0,0.0
905,18.0,0.7,0.0,1.0,Urobilinogen_a,0.0,0.0
906,18.0,0.8,0.0,0.9864156313752316,Protein_a,0.0,0.00021545434263847634
907,18.0,0.8,0.0,0.0,Bilirubin_a,0.0,0.0
908,18.0,0.8,0.0,1.0,Glucose_a,0.0,0.0
909,18.0,0.8,0.0,0.9975550122249389,Ketones_a,0.0,2.9889826100991746e-05
910,18.0,0.8,0.0,1.0,Nitrite_a,0.0,0.0
911,18.0,0.8,0.0,1.0,Urobilinogen_a,0.0,0.0
912,18.0,0.9,0.0,1.0,Protein_a,0.0,0.0
913,18.0,0.9,0.0,0.0,Bilirubin_a,0.0,0.0
914,18.0,0.9,0.0,1.0,Glucose_a,0.0,0.0
915,18.0,0.9,0.0,1.0,Ketones_a,0.0,0.0
916,18.0,0.9,0.0,1.0,Nitrite_a,0.0,0.0
917,18.0,0.9,0.0,1.0,Urobilinogen_a,0.0,0.0
918,19.0,0.1,0.3394831328403782,0.9695579836662016,Protein_a,0.046855486212442905,0.0005352240779811824
919,19.0,0.1,0.0,0.0,Bilirubin_a,0.0,0.0
920,19.0,0.1,0.0,1.0,Glucose_a,0.0,0.0
921,19.0,0.1,0.0,0.9972888107154082,Ketones_a,0.0,2.9197310074818217e-05
922,19.0,0.1,0.01111111111111111,0.9927654508864527,Nitrite_a,0.0006172839506172838,5.1932086325111674e-05
923,19.0,0.1,0.0,0.9997560975609756,Urobilinogen_a,0.0,2.9744199881023253e-07
924,19.0,0.2,0.005,0.9948016658931506,Protein_a,0.000125,5.086906664817436e-05
925,19.0,0.2,0.0,0.0,Bilirubin_a,0.0,0.0
926,19.0,0.2,0.0,1.0,Glucose_a,0.0,0.0
927,19.0,0.2,0.0,0.9892038488007868,Ketones_a,0.0,0.00011304155107941029
928,19.0,0.2,0.0,0.9978339350180505,Nitrite_a,0.0,2.3459187530138723e-05
929,19.0,0.2,0.0,1.0,Urobilinogen_a,0.0,0.0
930,19.0,0.3,0.0,0.9992552687735611,Protein_a,0.0,1.2356927206289357e-06
931,19.0,0.3,0.0,0.0,Bilirubin_a,0.0,0.0
932,19.0,0.3,0.0,1.0,Glucose_a,0.0,0.0
933,19.0,0.3,0.0,1.0,Ketones_a,0.0,0.0
934,19.0,0.3,0.0,1.0,Nitrite_a,0.0,0.0
935,19.0,0.3,0.0,1.0,Urobilinogen_a,0.0,0.0
936,19.0,0.4,0.0,0.9923039702233251,Protein_a,0.0,0.00010493344734589804
937,19.0,0.4,0.0,0.0,Bilirubin_a,0.0,0.0
938,19.0,0.4,0.0,1.0,Glucose_a,0.0,0.0
939,19.0,0.4,0.0,1.0,Ketones_a,0.0,0.0
940,19.0,0.4,0.0,1.0,Nitrite_a,0.0,0.0
941,19.0,0.4,0.0,1.0,Urobilinogen_a,0.0,0.0
942,19.0,0.5,0.0,0.9975155279503106,Protein_a,0.0,3.086300682844037e-05
943,19.0,0.5,0.0,0.0,Bilirubin_a,0.0,0.0
944,19.0,0.5,0.0,1.0,Glucose_a,0.0,0.0
945,19.0,0.5,0.0,1.0,Ketones_a,0.0,0.0
946,19.0,0.5,0.0,1.0,Nitrite_a,0.0,0.0
947,19.0,0.5,0.0,1.0,Urobilinogen_a,0.0,0.0
948,19.0,0.6,0.0,0.9955390334572491,Protein_a,0.0,9.950111247771555e-05
949,19.0,0.6,0.0,0.0,Bilirubin_a,0.0,0.0
950,19.0,0.6,0.0,1.0,Glucose_a,0.0,0.0
951,19.0,0.6,0.0,0.9951010244948776,Ketones_a,0.0,4.500017999707518e-05
952,19.0,0.6,0.0,1.0,Nitrite_a,0.0,0.0
953,19.0,0.6,0.0,1.0,Urobilinogen_a,0.0,0.0
954,19.0,0.7,0.0,1.0,Protein_a,0.0,0.0
955,19.0,0.7,0.0,0.0,Bilirubin_a,0.0,0.0
956,19.0,0.7,0.0,1.0,Glucose_a,0.0,0.0
957,19.0,0.7,0.0,1.0,Ketones_a,0.0,0.0
958,19.0,0.7,0.0,1.0,Nitrite_a,0.0,0.0
959,19.0,0.7,0.0,1.0,Urobilinogen_a,0.0,0.0
960,19.0,0.8,0.0,1.0,Protein_a,0.0,0.0
961,19.0,0.8,0.0,0.0,Bilirubin_a,0.0,0.0
962,19.0,0.8,0.0,1.0,Glucose_a,0.0,0.0
963,19.0,0.8,0.0,0.9968082680826807,Ketones_a,0.0,2.8435538157919857e-05
964,19.0,0.8,0.0,1.0,Nitrite_a,0.0,0.0
965,19.0,0.8,0.0,1.0,Urobilinogen_a,0.0,0.0
966,19.0,0.9,0.0,0.999002493765586,Protein_a,0.0,4.975093438473686e-06
967,19.0,0.9,0.0,0.0,Bilirubin_a,0.0,0.0
968,19.0,0.9,0.0,1.0,Glucose_a,0.0,0.0
969,19.0,0.9,0.0,1.0,Ketones_a,0.0,0.0
970,19.0,0.9,0.0,1.0,Nitrite_a,0.0,0.0
971,19.0,0.9,0.0,1.0,Urobilinogen_a,0.0,0.0
972,20.0,0.1,0.2612820512820513,0.9849706441021626,Protein_a,0.031726166995397764,0.00011101048073534665
973,20.0,0.1,0.0,0.0,Bilirubin_a,0.0,0.0
974,20.0,0.1,0.0,1.0,Glucose_a,0.0,0.0
975,20.0,0.1,0.0,0.9924546263529315,Ketones_a,0.0,0.00011614741035468769
976,20.0,0.1,0.01111111111111111,0.9884595135610479,Nitrite_a,0.0006172839506172838,0.00021999968728259503
977,20.0,0.1,0.0,0.9995148573109738,Urobilinogen_a,0.0,4.4130669932949874e-07
978,20.0,0.2,0.0,0.9667116593435449,Protein_a,0.0,0.0013417827498378493
979,20.0,0.2,0.0,0.0,Bilirubin_a,0.0,0.0
980,20.0,0.2,0.0,1.0,Glucose_a,0.0,0.0
981,20.0,0.2,0.0,1.0,Ketones_a,0.0,0.0
982,20.0,0.2,0.0,0.9910129078838465,Nitrite_a,0.0,0.0003289980507403852
983,20.0,0.2,0.0,1.0,Urobilinogen_a,0.0,0.0
984,20.0,0.3,0.0,0.9905692934147732,Protein_a,0.0,0.00010625638173476714
985,20.0,0.3,0.0,0.0,Bilirubin_a,0.0,0.0
986,20.0,0.3,0.0,0.9997578692493946,Glucose_a,0.0,2.931365019435011e-07
987,20.0,0.3,0.0,0.997304819363643,Ketones_a,0.0,2.8838368184287343e-05
988,20.0,0.3,0.0,1.0,Nitrite_a,0.0,0.0
989,20.0,0.3,0.0,1.0,Urobilinogen_a,0.0,0.0
990,20.0,0.4,0.0,1.0,Protein_a,0.0,0.0
991,20.0,0.4,0.0,0.0,Bilirubin_a,0.0,0.0
992,20.0,0.4,0.0,1.0,Glucose_a,0.0,0.0
993,20.0,0.4,0.0,0.9951485588365955,Ketones_a,0.0,4.4131145994161626e-05
994,20.0,0.4,0.0,1.0,Nitrite_a,0.0,0.0
995,20.0,0.4,0.0,1.0,Urobilinogen_a,0.0,0.0
996,20.0,0.5,0.0,0.9948187254149768,Protein_a,0.0,5.0501946841430215e-05
997,20.0,0.5,0.0,0.0,Bilirubin_a,0.0,0.0
998,20.0,0.5,0.0,1.0,Glucose_a,0.0,0.0
999,20.0,0.5,0.0,1.0,Ketones_a,0.0,0.0
1000,20.0,0.5,0.0,1.0,Nitrite_a,0.0,0.0
1001,20.0,0.5,0.0,1.0,Urobilinogen_a,0.0,0.0
1002,20.0,0.6,0.0,0.9975460122699387,Protein_a,0.0,3.0110278896458477e-05
1003,20.0,0.6,0.0,0.0,Bilirubin_a,0.0,0.0
1004,20.0,0.6,0.0,1.0,Glucose_a,0.0,0.0
1005,20.0,0.6,0.0,0.997566909975669,Ketones_a,0.0,2.959963533249263e-05
1006,20.0,0.6,0.0,1.0,Nitrite_a,0.0,0.0
1007,20.0,0.6,0.0,1.0,Urobilinogen_a,0.0,0.0
1008,20.0,0.7,0.0,0.9950464377292748,Protein_a,0.0,4.600836534317934e-05
1009,20.0,0.7,0.0,0.0,Bilirubin_a,0.0,0.0
1010,20.0,0.7,0.0,1.0,Glucose_a,0.0,0.0
1011,20.0,0.7,0.0,1.0,Ketones_a,0.0,0.0
1012,20.0,0.7,0.0,1.0,Nitrite_a,0.0,0.0
1013,20.0,0.7,0.0,1.0,Urobilinogen_a,0.0,0.0
1014,20.0,0.8,0.0,0.9980124223602485,Protein_a,0.0,1.9752324370201665e-05
1015,20.0,0.8,0.0,0.0,Bilirubin_a,0.0,0.0
1016,20.0,0.8,0.0,1.0,Glucose_a,0.0,0.0
1017,20.0,0.8,0.0,1.0,Ketones_a,0.0,0.0
1018,20.0,0.8,0.0,1.0,Nitrite_a,0.0,0.0
1019,20.0,0.8,0.0,1.0,Urobilinogen_a,0.0,0.0
1020,20.0,0.9,0.0,1.0,Protein_a,0.0,0.0
1021,20.0,0.9,0.0,0.0,Bilirubin_a,0.0,0.0
1022,20.0,0.9,0.0,1.0,Glucose_a,0.0,0.0
1023,20.0,0.9,0.0,0.9990243902439024,Ketones_a,0.0,4.7590719809637205e-06
1024,20.0,0.9,0.0,1.0,Nitrite_a,0.0,0.0
1025,20.0,0.9,0.0,1.0,Urobilinogen_a,0.0,0.0
1026,21.0,0.1,0.3175238813474108,0.9807014815306772,Protein_a,0.008617159365196362,0.00011807723304733648
1027,21.0,0.1,0.0,0.0,Bilirubin_a,0.0,0.0
1028,21.0,0.1,0.0,0.9939484687966358,Glucose_a,0.0,6.676897612834102e-05
1029,21.0,0.1,0.0,0.99045012933762,Ketones_a,0.0,0.00015791709523289716
1030,21.0,0.1,0.0,0.9827511367341936,Nitrite_a,0.0,3.288659551864541e-05
1031,21.0,0.1,0.0,1.0,Urobilinogen_a,0.0,0.0
1032,21.0,0.2,0.03954545454545454,0.9903640159286361,Protein_a,0.005830578512396693,7.224207045802401e-05
1033,21.0,0.2,0.0,0.0,Bilirubin_a,0.0,0.0
1034,21.0,0.2,0.0,1.0,Glucose_a,0.0,0.0
1035,21.0,0.2,0.0,0.9912661733434398,Ketones_a,0.0,0.0001491395483124283
1036,21.0,0.2,0.0,0.9980606060606061,Nitrite_a,0.0,1.880624426078953e-05
1037,21.0,0.2,0.0,1.0,Urobilinogen_a,0.0,0.0
1038,21.0,0.3,0.0,0.9972753759166441,Protein_a,0.0,2.940202311033449e-05
1039,21.0,0.3,0.0,0.0,Bilirubin_a,0.0,0.0
1040,21.0,0.3,0.0,0.9997581620314389,Glucose_a,0.0,2.924280151886864e-07
1041,21.0,0.3,0.0,0.9982941675998923,Ketones_a,0.0,1.0087684268741382e-05
1042,21.0,0.3,0.0,1.0,Nitrite_a,0.0,0.0
1043,21.0,0.3,0.0,1.0,Urobilinogen_a,0.0,0.0
1044,21.0,0.4,0.0,0.9925681229833021,Protein_a,0.0,0.00012280291894345216
1045,21.0,0.4,0.0,0.0,Bilirubin_a,0.0,0.0
1046,21.0,0.4,0.0,1.0,Glucose_a,0.0,0.0
1047,21.0,0.4,0.0,0.9944174757281553,Ketones_a,0.0,6.009048920727707e-05
1048,21.0,0.4,0.0,1.0,Nitrite_a,0.0,0.0
1049,21.0,0.4,0.0,1.0,Urobilinogen_a,0.0,0.0
1050,21.0,0.5,0.0,1.0,Protein_a,0.0,0.0
1051,21.0,0.5,0.0,0.0,Bilirubin_a,0.0,0.0
1052,21.0,0.5,0.0,1.0,Glucose_a,0.0,0.0
1053,21.0,0.5,0.0,1.0,Ketones_a,0.0,0.0
1054,21.0,0.5,0.0,1.0,Nitrite_a,0.0,0.0
1055,21.0,0.5,0.0,1.0,Urobilinogen_a,0.0,0.0
1056,21.0,0.6,0.0,0.9975247524752475,Protein_a,0.0,3.063425154396633e-05
1057,21.0,0.6,0.0,0.0,Bilirubin_a,0.0,0.0
1058,21.0,0.6,0.0,1.0,Glucose_a,0.0,0.0
1059,21.0,0.6,0.0,1.0,Ketones_a,0.0,0.0
1060,21.0,0.6,0.0,1.0,Nitrite_a,0.0,0.0
1061,21.0,0.6,0.0,1.0,Urobilinogen_a,0.0,0.0
1062,21.0,0.7,0.0,0.9975278121137207,Protein_a,0.0,3.055856472533216e-05
1063,21.0,0.7,0.0,0.0,Bilirubin_a,0.0,0.0
1064,21.0,0.7,0.0,1.0,Glucose_a,0.0,0.0
1065,21.0,0.7,0.0,1.0,Ketones_a,0.0,0.0
1066,21.0,0.7,0.0,1.0,Nitrite_a,0.0,0.0
1067,21.0,0.7,0.0,1.0,Urobilinogen_a,0.0,0.0
1068,21.0,0.8,0.0,1.0,Protein_a,0.0,0.0
1069,21.0,0.8,0.0,0.0,Bilirubin_a,0.0,0.0
1070,21.0,0.8,0.0,1.0,Glucose_a,0.0,0.0
1071,21.0,0.8,0.0,0.997320341047503,Ketones_a,0.0,3.5902860508485386e-05
1072,21.0,0.8,0.0,1.0,Nitrite_a,0.0,0.0
1073,21.0,0.8,0.0,1.0,Urobilinogen_a,0.0,0.0
1074,21.0,0.9,0.0,1.0,Protein_a,0.0,0.0
1075,21.0,0.9,0.0,0.0,Bilirubin_a,0.0,0.0
1076,21.0,0.9,0.0,1.0,Glucose_a,0.0,0.0
1077,21.0,0.9,0.0,1.0,Ketones_a,0.0,0.0
1078,21.0,0.9,0.0,1.0,Nitrite_a,0.0,0.0
1079,21.0,0.9,0.0,1.0,Urobilinogen_a,0.0,0.0
1080,22.0,0.1,0.268780487804878,0.961834723645118,Protein_a,0.04581841165972635,8.991859764224906e-05
1081,22.0,0.1,0.0,0.0,Bilirubin_a,0.0,0.0
1082,22.0,0.1,0.0,0.9978287092882991,Glucose_a,0.0,2.3572516773591595e-05
1083,22.0,0.1,0.0,0.992178124457363,Ketones_a,0.0,0.0001259379731544574
1084,22.0,0.1,0.01111111111111111,0.9913296258807544,Nitrite_a,0.0006172839506172838,8.881482543489244e-05
1085,22.0,0.1,0.0,1.0,Urobilinogen_a,0.0,0.0
1086,22.0,0.2,0.09602564102564101,0.9885641871041841,Protein_a,0.003889792899408284,9.447269169035624e-05
1087,22.0,0.2,0.0,0.0,Bilirubin_a,0.0,0.0
1088,22.0,0.2,0.0,0.9997575757575758,Glucose_a,0.0,2.938475665748431e-07
1089,22.0,0.2,0.0,0.9951010391916866,Ketones_a,0.0,3.824146700908048e-05
1090,22.0,0.2,0.0,0.9985507141187793,Nitrite_a,0.0,6.873126690657322e-06
1091,22.0,0.2,0.0,1.0,Urobilinogen_a,0.0,0.0
1092,22.0,0.3,0.0,1.0,Protein_a,0.0,0.0
1093,22.0,0.3,0.0,0.0,Bilirubin_a,0.0,0.0
1094,22.0,0.3,0.0,1.0,Glucose_a,0.0,0.0
1095,22.0,0.3,0.0,0.9953813586882608,Ketones_a,0.0,4.013803087173512e-05
1096,22.0,0.3,0.0,0.9990429951047941,Nitrite_a,0.0,1.7174351032038912e-06
1097,22.0,0.3,0.0,1.0,Urobilinogen_a,0.0,0.0
1098,22.0,0.4,0.0,0.9948065469915335,Protein_a,0.0,4.315501232030687e-05
1099,22.0,0.4,0.0,0.0,Bilirubin_a,0.0,0.0
1100,22.0,0.4,0.0,1.0,Glucose_a,0.0,0.0
1101,22.0,0.4,0.0,0.9975579975579976,Ketones_a,0.0,2.981687963372924e-05
1102,22.0,0.4,0.0,0.9992788461538462,Nitrite_a,0.0,2.6003143491124874e-06
1103,22.0,0.4,0.0,1.0,Urobilinogen_a,0.0,0.0
1104,22.0,0.5,0.0,0.9950310252291207,Protein_a,0.0,4.629555803154125e-05
1105,22.0,0.5,0.0,0.0,Bilirubin_a,0.0,0.0
1106,22.0,0.5,0.0,1.0,Glucose_a,0.0,0.0
1107,22.0,0.5,0.0,0.9975579975579976,Ketones_a,0.0,2.981687963372924e-05
1108,22.0,0.5,0.0,1.0,Nitrite_a,0.0,0.0
1109,22.0,0.5,0.0,1.0,Urobilinogen_a,0.0,0.0
1110,22.0,0.6,0.0,1.0,Protein_a,0.0,0.0
1111,22.0,0.6,0.0,0.0,Bilirubin_a,0.0,0.0
1112,22.0,0.6,0.0,1.0,Glucose_a,0.0,0.0
1113,22.0,0.6,0.0,0.9975786924939467,Ketones_a,0.0,2.9313650194349575e-05
1114,22.0,0.6,0.0,1.0,Nitrite_a,0.0,0.0
1115,22.0,0.6,0.0,1.0,Urobilinogen_a,0.0,0.0
1116,22.0,0.7,0.0,1.0,Protein_a,0.0,0.0
1117,22.0,0.7,0.0,0.0,Bilirubin_a,0.0,0.0
1118,22.0,0.7,0.0,1.0,Glucose_a,0.0,0.0
1119,22.0,0.7,0.0,1.0,Ketones_a,0.0,0.0
1120,22.0,0.7,0.0,1.0,Nitrite_a,0.0,0.0
1121,22.0,0.7,0.0,1.0,Urobilinogen_a,0.0,0.0
1122,22.0,0.8,0.0,1.0,Protein_a,0.0,0.0
1123,22.0,0.8,0.0,0.0,Bilirubin_a,0.0,0.0
1124,22.0,0.8,0.0,1.0,Glucose_a,0.0,0.0
1125,22.0,0.8,0.0,1.0,Ketones_a,0.0,0.0
1126,22.0,0.8,0.0,1.0,Nitrite_a,0.0,0.0
1127,22.0,0.8,0.0,1.0,Urobilinogen_a,0.0,0.0
1128,22.0,0.9,0.0,1.0,Protein_a,0.0,0.0
1129,22.0,0.9,0.0,0.0,Bilirubin_a,0.0,0.0
1130,22.0,0.9,0.0,1.0,Glucose_a,0.0,0.0
1131,22.0,0.9,0.0,1.0,Ketones_a,0.0,0.0
1132,22.0,0.9,0.0,1.0,Nitrite_a,0.0,0.0
1133,22.0,0.9,0.0,1.0,Urobilinogen_a,0.0,0.0
1134,23.0,0.1,0.13995726495726496,0.9580323716457899,Protein_a,0.017521732778143034,0.00038589929742842915
1135,23.0,0.1,0.0,0.0,Bilirubin_a,0.0,0.0
1136,23.0,0.1,0.0,0.998310615795277,Glucose_a,0.0,3.3355067809179776e-06
1137,23.0,0.1,0.0,0.9958314045270565,Ketones_a,0.0,6.46304840471512e-05
1138,23.0,0.1,0.01,0.9864964340425996,Nitrite_a,0.0005,0.000121282536627874
1139,23.0,0.1,0.0,0.9975874547647768,Urobilinogen_a,0.0,2.910187255998992e-05
1140,23.0,0.2,0.024242424242424242,0.9950402804255581,Protein_a,0.0029384756657483933,4.6123050144130424e-05
1141,23.0,0.2,0.0,0.0,Bilirubin_a,0.0,0.0
1142,23.0,0.2,0.0,0.9995139732685298,Glucose_a,0.0,1.181109918518145e-06
1143,23.0,0.2,0.0,0.9997566909975669,Ketones_a,0.0,2.959963533249533e-07
1144,23.0,0.2,0.0,0.9949536316015388,Nitrite_a,0.0,2.6215387248747587e-05
1145,23.0,0.2,0.0,1.0,Urobilinogen_a,0.0,0.0
1146,23.0,0.3,0.0,0.9908806178921121,Protein_a,0.0,0.0002105611345489831
1147,23.0,0.3,0.0,0.0,Bilirubin_a,0.0,0.0
1148,23.0,0.3,0.0,1.0,Glucose_a,0.0,0.0
1149,23.0,0.3,0.0,1.0,Ketones_a,0.0,0.0
1150,23.0,0.3,0.0,0.9997601918465229,Nitrite_a,0.0,2.8753975237076167e-07
1151,23.0,0.3,0.0,1.0,Urobilinogen_a,0.0,0.0
1152,23.0,0.4,0.0,0.9950617208683445,Protein_a,0.0,4.572499261973922e-05
1153,23.0,0.4,0.0,0.0,Bilirubin_a,0.0,0.0
1154,23.0,0.4,0.0,1.0,Glucose_a,0.0,0.0
1155,23.0,0.4,0.0,0.9950835290171083,Ketones_a,0.0,0.00010669465662666155
1156,23.0,0.4,0.0,0.9995151515151516,Nitrite_a,0.0,1.1753902662993724e-06
1157,23.0,0.4,0.0,1.0,Urobilinogen_a,0.0,0.0
1158,23.0,0.5,0.0,1.0,Protein_a,0.0,0.0
1159,23.0,0.5,0.0,0.0,Bilirubin_a,0.0,0.0
1160,23.0,0.5,0.0,1.0,Glucose_a,0.0,0.0
1161,23.0,0.5,0.0,0.9951128638856463,Ketones_a,0.0,4.4784942414144996e-05
1162,23.0,0.5,0.0,1.0,Nitrite_a,0.0,0.0
1163,23.0,0.5,0.0,1.0,Urobilinogen_a,0.0,0.0
1164,23.0,0.6,0.0,0.9972673889924943,Protein_a,0.0,2.9629635777536758e-05
1165,23.0,0.6,0.0,0.0,Bilirubin_a,0.0,0.0
1166,23.0,0.6,0.0,1.0,Glucose_a,0.0,0.0
1167,23.0,0.6,0.0,0.9975579975579976,Ketones_a,0.0,2.981687963372924e-05
1168,23.0,0.6,0.0,1.0,Nitrite_a,0.0,0.0
1169,23.0,0.6,0.0,1.0,Urobilinogen_a,0.0,0.0
1170,23.0,0.7,0.0,0.996766169154229,Protein_a,0.0,5.228830969530428e-05
1171,23.0,0.7,0.0,0.0,Bilirubin_a,0.0,0.0
1172,23.0,0.7,0.0,1.0,Glucose_a,0.0,0.0
1173,23.0,0.7,0.0,0.9951010244948776,Ketones_a,0.0,4.500017999707518e-05
1174,23.0,0.7,0.0,1.0,Nitrite_a,0.0,0.0
1175,23.0,0.7,0.0,1.0,Urobilinogen_a,0.0,0.0
1176,23.0,0.8,0.0,1.0,Protein_a,0.0,0.0
1177,23.0,0.8,0.0,0.0,Bilirubin_a,0.0,0.0
1178,23.0,0.8,0.0,1.0,Glucose_a,0.0,0.0
1179,23.0,0.8,0.0,1.0,Ketones_a,0.0,0.0
1180,23.0,0.8,0.0,1.0,Nitrite_a,0.0,0.0
1181,23.0,0.8,0.0,1.0,Urobilinogen_a,0.0,0.0
1182,23.0,0.9,0.0,0.9997533908754624,Protein_a,0.0,3.0408030152600777e-07
1183,23.0,0.9,0.0,0.0,Bilirubin_a,0.0,0.0
1184,23.0,0.9,0.0,1.0,Glucose_a,0.0,0.0
1185,23.0,0.9,0.0,1.0,Ketones_a,0.0,0.0
1186,23.0,0.9,0.0,1.0,Nitrite_a,0.0,0.0
1187,23.0,0.9,0.0,1.0,Urobilinogen_a,0.0,0.0
1188,24.0,0.1,0.28830111210811105,0.9747415623475584,Protein_a,0.01597589508244259,0.00019123404123240072
1189,24.0,0.1,0.0,0.0,Bilirubin_a,0.0,0.0
1190,24.0,0.1,0.0,0.9975862766411006,Glucose_a,0.0,1.1669077099621141e-05
1191,24.0,0.1,0.0,0.993905972354965,Ketones_a,0.0,0.00012049641972870998
1192,24.0,0.1,0.07777777777777778,0.9927967847329027,Nitrite_a,0.030246913580246913,0.00010151860717190963
1193,24.0,0.1,0.0,0.999279711884754,Urobilinogen_a,0.0,2.5940748448238425e-06
1194,24.0,0.2,0.0753846153846154,0.9910630807242853,Protein_a,0.008438239644970416,7.595618467944147e-05
1195,24.0,0.2,0.0,0.0,Bilirubin_a,0.0,0.0
1196,24.0,0.2,0.0,1.0,Glucose_a,0.0,0.0
1197,24.0,0.2,0.0,1.0,Ketones_a,0.0,0.0
1198,24.0,0.2,0.0,0.9959012702121122,Nitrite_a,0.0,2.5942746653854592e-05
1199,24.0,0.2,0.0,1.0,Urobilinogen_a,0.0,0.0
1200,24.0,0.3,0.0,0.9958106819410446,Protein_a,0.0,3.4603410776136095e-05
1201,24.0,0.3,0.0,0.0,Bilirubin_a,0.0,0.0
1202,24.0,0.3,0.0,0.9997569866342648,Glucose_a,0.0,2.9527747962953627e-07
1203,24.0,0.3,0.0,1.0,Ketones_a,0.0,0.0
1204,24.0,0.3,0.0,0.9975915199258573,Nitrite_a,0.0,1.741908059628535e-05
1205,24.0,0.3,0.0,1.0,Urobilinogen_a,0.0,0.0
1206,24.0,0.4,0.0,0.9945544478627975,Protein_a,0.0,4.105014576078566e-05
1207,24.0,0.4,0.0,0.0,Bilirubin_a,0.0,0.0
1208,24.0,0.4,0.0,1.0,Glucose_a,0.0,0.0
1209,24.0,0.4,0.0,1.0,Ketones_a,0.0,0.0
1210,24.0,0.4,0.0,1.0,Nitrite_a,0.0,0.0
1211,24.0,0.4,0.0,1.0,Urobilinogen_a,0.0,0.0
1212,24.0,0.5,0.0,1.0,Protein_a,0.0,0.0
1213,24.0,0.5,0.0,0.0,Bilirubin_a,0.0,0.0
1214,24.0,0.5,0.0,1.0,Glucose_a,0.0,0.0
1215,24.0,0.5,0.0,1.0,Ketones_a,0.0,0.0
1216,24.0,0.5,0.0,0.998800093499208,Nitrite_a,0.0,4.313100033033077e-06
1217,24.0,0.5,0.0,1.0,Urobilinogen_a,0.0,0.0
1218,24.0,0.6,0.0,0.9975155279503106,Protein_a,0.0,3.086300682844037e-05
1219,24.0,0.6,0.0,0.0,Bilirubin_a,0.0,0.0
1220,24.0,0.6,0.0,1.0,Glucose_a,0.0,0.0
1221,24.0,0.6,0.0,1.0,Ketones_a,0.0,0.0
1222,24.0,0.6,0.0,1.0,Nitrite_a,0.0,0.0
1223,24.0,0.6,0.0,1.0,Urobilinogen_a,0.0,0.0
1224,24.0,0.7,0.0,1.0,Protein_a,0.0,0.0
1225,24.0,0.7,0.0,0.0,Bilirubin_a,0.0,0.0
1226,24.0,0.7,0.0,1.0,Glucose_a,0.0,0.0
1227,24.0,0.7,0.0,0.9953587933937591,Ketones_a,0.0,4.053099198196134e-05
1228,24.0,0.7,0.0,1.0,Nitrite_a,0.0,0.0
1229,24.0,0.7,0.0,1.0,Urobilinogen_a,0.0,0.0
1230,24.0,0.8,0.0,0.9997539975399754,Protein_a,0.0,3.02586051690767e-07
1231,24.0,0.8,0.0,0.0,Bilirubin_a,0.0,0.0
1232,24.0,0.8,0.0,1.0,Glucose_a,0.0,0.0
1233,24.0,0.8,0.0,0.9975669099756692,Ketones_a,0.0,2.959963533249263e-05
1234,24.0,0.8,0.0,1.0,Nitrite_a,0.0,0.0
1235,24.0,0.8,0.0,1.0,Urobilinogen_a,0.0,0.0
1236,24.0,0.9,0.0,1.0,Protein_a,0.0,0.0
1237,24.0,0.9,0.0,0.0,Bilirubin_a,0.0,0.0
1238,24.0,0.9,0.0,1.0,Glucose_a,0.0,0.0
1239,24.0,0.9,0.0,1.0,Ketones_a,0.0,0.0
1240,24.0,0.9,0.0,1.0,Nitrite_a,0.0,0.0
1241,24.0,0.9,0.0,1.0,Urobilinogen_a,0.0,0.0
1242,25.0,0.1,0.26221664275466283,0.9749312335368401,Protein_a,0.07706617441216611,0.00014226961505435927
1243,25.0,0.1,0.0,0.0,Bilirubin_a,0.0,0.0
1244,25.0,0.1,0.0,0.9980745977016653,Glucose_a,0.0,9.096922232573725e-06
1245,25.0,0.1,0.0,0.9890909372121885,Ketones_a,0.0,0.000244364944126361
1246,25.0,0.1,0.02222222222222222,0.9860024321070032,Nitrite_a,0.0009259259259259259,0.00018741762043991488
1247,25.0,0.1,0.0,0.9975949925678187,Urobilinogen_a,0.0,2.23881131087861e-05
1248,25.0,0.2,0.05115384615384616,0.9888277823951759,Protein_a,0.010198964497041422,0.00012615725196632894
1249,25.0,0.2,0.0,0.0,Bilirubin_a,0.0,0.0
1250,25.0,0.2,0.0,0.9997587454764776,Glucose_a,0.0,2.9101872559987244e-07
1251,25.0,0.2,0.0,0.9968283748771555,Ketones_a,0.0,2.796064141024955e-05
1252,25.0,0.2,0.0,0.9942249768303985,Nitrite_a,0.0,6.538745655968177e-05
1253,25.0,0.2,0.0,1.0,Urobilinogen_a,0.0,0.0
1254,25.0,0.3,0.029444444444444447,0.9910662470630817,Protein_a,0.0029459876543209878,0.0001996866592449046
1255,25.0,0.3,0.0,0.0,Bilirubin_a,0.0,0.0
1256,25.0,0.3,0.0,1.0,Glucose_a,0.0,0.0
1257,25.0,0.3,0.0,1.0,Ketones_a,0.0,0.0
1258,25.0,0.3,0.0,1.0,Nitrite_a,0.0,0.0
1259,25.0,0.3,0.0,1.0,Urobilinogen_a,0.0,0.0
1260,25.0,0.4,0.0,0.9938179664407896,Protein_a,0.0,3.8151700709549704e-05
1261,25.0,0.4,0.0,0.0,Bilirubin_a,0.0,0.0
1262,25.0,0.4,0.0,1.0,Glucose_a,0.0,0.0
1263,25.0,0.4,0.0,0.9907737498377944,Ketones_a,0.0,0.00021917506705640847
1264,25.0,0.4,0.0,1.0,Nitrite_a,0.0,0.0
1265,25.0,0.4,0.0,1.0,Urobilinogen_a,0.0,0.0
1266,25.0,0.5,0.0,0.996532173923686,Protein_a,0.0,2.953242290243821e-05
1267,25.0,0.5,0.0,0.0,Bilirubin_a,0.0,0.0
1268,25.0,0.5,0.0,1.0,Glucose_a,0.0,0.0
1269,25.0,0.5,0.0,0.9995121951219513,Ketones_a,0.0,1.1897679952409301e-06
1270,25.0,0.5,0.0,1.0,Nitrite_a,0.0,0.0
1271,25.0,0.5,0.0,1.0,Urobilinogen_a,0.0,0.0
1272,25.0,0.6,0.0,0.996306903599858,Protein_a,0.0,3.0231231911463655e-05
1273,25.0,0.6,0.0,0.0,Bilirubin_a,0.0,0.0
1274,25.0,0.6,0.0,1.0,Glucose_a,0.0,0.0
1275,25.0,0.6,0.0,0.9951542367409234,Ketones_a,0.0,4.4030922789696974e-05
1276,25.0,0.6,0.0,1.0,Nitrite_a,0.0,0.0
1277,25.0,0.6,0.0,1.0,Urobilinogen_a,0.0,0.0
1278,25.0,0.7,0.0,0.9952912019826516,Protein_a,0.0,0.00011086389384091186
1279,25.0,0.7,0.0,0.0,Bilirubin_a,0.0,0.0
1280,25.0,0.7,0.0,1.0,Glucose_a,0.0,0.0
1281,25.0,0.7,0.0,1.0,Ketones_a,0.0,0.0
1282,25.0,0.7,0.0,1.0,Nitrite_a,0.0,0.0
1283,25.0,0.7,0.0,1.0,Urobilinogen_a,0.0,0.0
1284,25.0,0.8,0.0,1.0,Protein_a,0.0,0.0
1285,25.0,0.8,0.0,0.0,Bilirubin_a,0.0,0.0
1286,25.0,0.8,0.0,1.0,Glucose_a,0.0,0.0
1287,25.0,0.8,0.0,1.0,Ketones_a,0.0,0.0
1288,25.0,0.8,0.0,1.0,Nitrite_a,0.0,0.0
1289,25.0,0.8,0.0,1.0,Urobilinogen_a,0.0,0.0
1290,25.0,0.9,0.0,0.9992565055762082,Protein_a,0.0,2.7639197910476814e-06
1291,25.0,0.9,0.0,0.0,Bilirubin_a,0.0,0.0
1292,25.0,0.9,0.0,1.0,Glucose_a,0.0,0.0
1293,25.0,0.9,0.0,1.0,Ketones_a,0.0,0.0
1294,25.0,0.9,0.0,1.0,Nitrite_a,0.0,0.0
1295,25.0,0.9,0.0,1.0,Urobilinogen_a,0.0,0.0
1296,26.0,0.1,0.2846843615494979,0.9811979745064334,Protein_a,0.0750959070334226,0.00014305510262397229
1297,26.0,0.1,0.0,0.0,Bilirubin_a,0.0,0.0
1298,26.0,0.1,0.0,0.9995174909529553,Glucose_a,0.0,1.164074902399597e-06
1299,26.0,0.1,0.0,0.9914292600481625,Ketones_a,0.0,2.1146015539054293e-05
1300,26.0,0.1,0.01111111111111111,0.9773699373428666,Nitrite_a,0.0006172839506172838,0.00034931705229563796
1301,26.0,0.1,0.0,0.9975932611311673,Urobilinogen_a,0.0,2.8961959913751394e-05
1302,26.0,0.2,0.0273015873015873,0.9923052094954306,Protein_a,0.0024570420760896953,5.111223204504392e-05
1303,26.0,0.2,0.0,0.0,Bilirubin_a,0.0,0.0
1304,26.0,0.2,0.0,1.0,Glucose_a,0.0,0.0
1305,26.0,0.2,0.0,1.0,Ketones_a,0.0,0.0
1306,26.0,0.2,0.0,0.9971059369066161,Nitrite_a,0.0,9.791988103757854e-06
1307,26.0,0.2,0.0,1.0,Urobilinogen_a,0.0,0.0
1308,26.0,0.3,0.006060606060606061,0.9908813221733148,Protein_a,0.00018365472910927458,0.00016031775946481985
1309,26.0,0.3,0.0,0.0,Bilirubin_a,0.0,0.0
1310,26.0,0.3,0.0,0.9995154236740923,Glucose_a,0.0,4.4030922789696173e-07
1311,26.0,0.3,0.0,0.9975579975579976,Ketones_a,0.0,2.981687963372924e-05
1312,26.0,0.3,0.0,0.9992736077481841,Nitrite_a,0.0,2.63822851749151e-06
1313,26.0,0.3,0.0,1.0,Urobilinogen_a,0.0,0.0
1314,26.0,0.4,0.0,0.9950525494515581,Protein_a,0.0,4.5895138783032965e-05
1315,26.0,0.4,0.0,0.0,Bilirubin_a,0.0,0.0
1316,26.0,0.4,0.0,1.0,Glucose_a,0.0,0.0
1317,26.0,0.4,0.0,1.0,Ketones_a,0.0,0.0
1318,26.0,0.4,0.0,1.0,Nitrite_a,0.0,0.0
1319,26.0,0.4,0.0,1.0,Urobilinogen_a,0.0,0.0
1320,26.0,0.5,0.0,0.9942868605453302,Protein_a,0.0,3.995406957936373e-05
1321,26.0,0.5,0.0,0.0,Bilirubin_a,0.0,0.0
1322,26.0,0.5,0.0,1.0,Glucose_a,0.0,0.0
1323,26.0,0.5,0.0,1.0,Ketones_a,0.0,0.0
1324,26.0,0.5,0.0,1.0,Nitrite_a,0.0,0.0
1325,26.0,0.5,0.0,1.0,Urobilinogen_a,0.0,0.0
1326,26.0,0.6,0.0,0.9938100222325786,Protein_a,0.0,3.820703141651569e-05
1327,26.0,0.6,0.0,0.0,Bilirubin_a,0.0,0.0
1328,26.0,0.6,0.0,1.0,Glucose_a,0.0,0.0
1329,26.0,0.6,0.0,1.0,Ketones_a,0.0,0.0
1330,26.0,0.6,0.0,1.0,Nitrite_a,0.0,0.0
1331,26.0,0.6,0.0,1.0,Urobilinogen_a,0.0,0.0
1332,26.0,0.7,0.0,0.9955390334572491,Protein_a,0.0,9.950111247771555e-05
1333,26.0,0.7,0.0,0.0,Bilirubin_a,0.0,0.0
1334,26.0,0.7,0.0,1.0,Glucose_a,0.0,0.0
1335,26.0,0.7,0.0,1.0,Ketones_a,0.0,0.0
1336,26.0,0.7,0.0,1.0,Nitrite_a,0.0,0.0
1337,26.0,0.7,0.0,1.0,Urobilinogen_a,0.0,0.0
1338,26.0,0.8,0.0,0.9975216852540273,Protein_a,0.0,3.071021990052943e-05
1339,26.0,0.8,0.0,0.0,Bilirubin_a,0.0,0.0
1340,26.0,0.8,0.0,1.0,Glucose_a,0.0,0.0
1341,26.0,0.8,0.0,1.0,Ketones_a,0.0,0.0
1342,26.0,0.8,0.0,1.0,Nitrite_a,0.0,0.0
1343,26.0,0.8,0.0,1.0,Urobilinogen_a,0.0,0.0
1344,26.0,0.9,0.0,0.9985093167701862,Protein_a,0.0,1.1110682458238601e-05
1345,26.0,0.9,0.0,0.0,Bilirubin_a,0.0,0.0
1346,26.0,0.9,0.0,1.0,Glucose_a,0.0,0.0
1347,26.0,0.9,0.0,1.0,Ketones_a,0.0,0.0
1348,26.0,0.9,0.0,1.0,Nitrite_a,0.0,0.0
1349,26.0,0.9,0.0,1.0,Urobilinogen_a,0.0,0.0
1350,27.0,0.1,0.2753052765821776,0.987883506051577,Protein_a,0.03627368053933913,0.00014932836059265223
1351,27.0,0.1,0.0,0.0,Bilirubin_a,0.0,0.0
1352,27.0,0.1,0.0,0.999275064611906,Glucose_a,0.0,1.1707928625007672e-06
1353,27.0,0.1,0.0,0.9992647058823529,Ketones_a,0.0,2.7032871972318143e-06
1354,27.0,0.1,0.0,0.9864995901059714,Nitrite_a,0.0,0.00011182341060697234
1355,27.0,0.1,0.0,0.9995163233556749,Urobilinogen_a,0.0,4.386443744279742e-07
1356,27.0,0.2,0.1503030303030303,0.9868849928050644,Protein_a,0.018750459136822772,0.00016875392387861446
1357,27.0,0.2,0.0,0.0,Bilirubin_a,0.0,0.0
1358,27.0,0.2,0.0,0.9987951807228915,Glucose_a,0.0,7.257947452460357e-06
1359,27.0,0.2,0.0,0.9965641024508404,Ketones_a,0.0,2.6657004240206353e-05
1360,27.0,0.2,0.0,0.9997584541062802,Nitrite_a,0.0,2.917220938645035e-07
1361,27.0,0.2,0.0,1.0,Urobilinogen_a,0.0,0.0
1362,27.0,0.3,0.012121212121212121,0.9975460122699387,Protein_a,0.0007346189164370983,3.0110278896458477e-05
1363,27.0,0.3,0.0,0.0,Bilirubin_a,0.0,0.0
1364,27.0,0.3,0.0,1.0,Glucose_a,0.0,0.0
1365,27.0,0.3,0.0,0.9951426818766294,Ketones_a,0.0,4.423791346470027e-05
1366,27.0,0.3,0.0,0.9987995198079233,Nitrite_a,0.0,7.205763457844186e-06
1367,27.0,0.3,0.0,1.0,Urobilinogen_a,0.0,0.0
1368,27.0,0.4,0.0,0.9975369458128078,Protein_a,0.0,3.033317964522333e-05
1369,27.0,0.4,0.0,0.0,Bilirubin_a,0.0,0.0
1370,27.0,0.4,0.0,1.0,Glucose_a,0.0,0.0
1371,27.0,0.4,0.0,0.9958642661332148,Ketones_a,0.0,3.365809603761956e-05
1372,27.0,0.4,0.0,0.9978208232445521,Nitrite_a,0.0,2.3744056657423106e-05
1373,27.0,0.4,0.0,1.0,Urobilinogen_a,0.0,0.0
1374,27.0,0.5,0.0,0.9950493153748473,Protein_a,0.0,4.5957829637117754e-05
1375,27.0,0.5,0.0,0.0,Bilirubin_a,0.0,0.0
1376,27.0,0.5,0.0,1.0,Glucose_a,0.0,0.0
1377,27.0,0.5,0.0,1.0,Ketones_a,0.0,0.0
1378,27.0,0.5,0.0,1.0,Nitrite_a,0.0,0.0
1379,27.0,0.5,0.0,1.0,Urobilinogen_a,0.0,0.0
1380,27.0,0.6,0.0,0.9975216852540273,Protein_a,0.0,3.071021990052943e-05
1381,27.0,0.6,0.0,0.0,Bilirubin_a,0.0,0.0
1382,27.0,0.6,0.0,1.0,Glucose_a,0.0,0.0
1383,27.0,0.6,0.0,0.9927006795923348,Ketones_a,0.0,4.4400829586186986e-05
1384,27.0,0.6,0.0,1.0,Nitrite_a,0.0,0.0
1385,27.0,0.6,0.0,1.0,Urobilinogen_a,0.0,0.0
1386,27.0,0.7,0.0,0.9975339087546239,Protein_a,0.0,3.0408030152602967e-05
1387,27.0,0.7,0.0,0.0,Bilirubin_a,0.0,0.0
1388,27.0,0.7,0.0,1.0,Glucose_a,0.0,0.0
1389,27.0,0.7,0.0,1.0,Ketones_a,0.0,0.0
1390,27.0,0.7,0.0,1.0,Nitrite_a,0.0,0.0
1391,27.0,0.7,0.0,1.0,Urobilinogen_a,0.0,0.0
1392,27.0,0.8,0.0,1.0,Protein_a,0.0,0.0
1393,27.0,0.8,0.0,0.0,Bilirubin_a,0.0,0.0
1394,27.0,0.8,0.0,1.0,Glucose_a,0.0,0.0
1395,27.0,0.8,0.0,0.9951338199513382,Ketones_a,0.0,4.439945299873894e-05
1396,27.0,0.8,0.0,1.0,Nitrite_a,0.0,0.0
1397,27.0,0.8,0.0,1.0,Urobilinogen_a,0.0,0.0
1398,27.0,0.9,0.0,1.0,Protein_a,0.0,0.0
1399,27.0,0.9,0.0,0.0,Bilirubin_a,0.0,0.0
1400,27.0,0.9,0.0,1.0,Glucose_a,0.0,0.0
1401,27.0,0.9,0.0,1.0,Ketones_a,0.0,0.0
1402,27.0,0.9,0.0,1.0,Nitrite_a,0.0,0.0
1403,27.0,0.9,0.0,1.0,Urobilinogen_a,0.0,0.0
1404,28.0,0.1,0.3176815867059769,0.9676216319219829,Protein_a,0.024954002274478047,0.001114072027149527
1405,28.0,0.1,0.0,0.0,Bilirubin_a,0.0,0.0
1406,28.0,0.1,0.0,0.9963814319861474,Glucose_a,0.0,2.4605498558478612e-05
1407,28.0,0.1,0.06,0.986135291772426,Ketones_a,0.018,0.0004001319131163099
1408,28.0,0.1,0.02,0.9746808500822809,Nitrite_a,0.0007500000000000001,0.0002869196450080492
1409,28.0,0.1,0.0,0.9992791291695233,Urobilinogen_a,0.0,1.1519037260633705e-06
1410,28.0,0.2,0.04017216642754663,0.9849152752188942,Protein_a,0.005916934433079667,5.642642616269491e-05
1411,28.0,0.2,0.0,0.0,Bilirubin_a,0.0,0.0
1412,28.0,0.2,0.0,0.9997581620314389,Glucose_a,0.0,2.924280151886864e-07
1413,28.0,0.2,0.0,1.0,Ketones_a,0.0,0.0
1414,28.0,0.2,0.0,0.9975722070754586,Nitrite_a,0.0,5.898601875018051e-06
1415,28.0,0.2,0.0,1.0,Urobilinogen_a,0.0,0.0
1416,28.0,0.3,0.011764705882352941,0.9975186104218363,Protein_a,0.0006920415224913495,3.0786471193098936e-05
1417,28.0,0.3,0.0,0.0,Bilirubin_a,0.0,0.0
1418,28.0,0.3,0.0,1.0,Glucose_a,0.0,0.0
1419,28.0,0.3,0.0,0.9975639464068209,Ketones_a,0.0,2.967178554420265e-05
1420,28.0,0.3,0.0,1.0,Nitrite_a,0.0,0.0
1421,28.0,0.3,0.0,1.0,Urobilinogen_a,0.0,0.0
1422,28.0,0.4,0.0,0.9967729191871806,Protein_a,0.0,2.1206817391607687e-05
1423,28.0,0.4,0.0,0.0,Bilirubin_a,0.0,0.0
1424,28.0,0.4,0.0,1.0,Glucose_a,0.0,0.0
1425,28.0,0.4,0.0,0.9906916952172947,Ketones_a,0.0,0.00016246673300761896
1426,28.0,0.4,0.0,1.0,Nitrite_a,0.0,0.0
1427,28.0,0.4,0.0,1.0,Urobilinogen_a,0.0,0.0
1428,28.0,0.5,0.0,0.9975429975429975,Protein_a,0.0,3.018430536858078e-05
1429,28.0,0.5,0.0,0.0,Bilirubin_a,0.0,0.0
1430,28.0,0.5,0.0,1.0,Glucose_a,0.0,0.0
1431,28.0,0.5,0.0,0.9975698663426489,Ketones_a,0.0,2.9527747962954706e-05
1432,28.0,0.5,0.0,1.0,Nitrite_a,0.0,0.0
1433,28.0,0.5,0.0,1.0,Urobilinogen_a,0.0,0.0
1434,28.0,0.6,0.0,0.9975186104218363,Protein_a,0.0,3.0786471193098936e-05
1435,28.0,0.6,0.0,0.0,Bilirubin_a,0.0,0.0
1436,28.0,0.6,0.0,1.0,Glucose_a,0.0,0.0
1437,28.0,0.6,0.0,1.0,Ketones_a,0.0,0.0
1438,28.0,0.6,0.0,1.0,Nitrite_a,0.0,0.0
1439,28.0,0.6,0.0,1.0,Urobilinogen_a,0.0,0.0
1440,28.0,0.7,0.0,0.999753086419753,Protein_a,0.0,3.048315805517369e-07
1441,28.0,0.7,0.0,0.0,Bilirubin_a,0.0,0.0
1442,28.0,0.7,0.0,1.0,Glucose_a,0.0,0.0
1443,28.0,0.7,0.0,0.9951099952175992,Ketones_a,0.0,4.483572190350974e-05
1444,28.0,0.7,0.0,1.0,Nitrite_a,0.0,0.0
1445,28.0,0.7,0.0,1.0,Urobilinogen_a,0.0,0.0
1446,28.0,0.8,0.0,1.0,Protein_a,0.0,0.0
1447,28.0,0.8,0.0,0.0,Bilirubin_a,0.0,0.0
1448,28.0,0.8,0.0,1.0,Glucose_a,0.0,0.0
1449,28.0,0.8,0.0,1.0,Ketones_a,0.0,0.0
1450,28.0,0.8,0.0,1.0,Nitrite_a,0.0,0.0
1451,28.0,0.8,0.0,1.0,Urobilinogen_a,0.0,0.0
1452,28.0,0.9,0.0,1.0,Protein_a,0.0,0.0
1453,28.0,0.9,0.0,0.0,Bilirubin_a,0.0,0.0
1454,28.0,0.9,0.0,1.0,Glucose_a,0.0,0.0
1455,28.0,0.9,0.0,1.0,Ketones_a,0.0,0.0
1456,28.0,0.9,0.0,1.0,Nitrite_a,0.0,0.0
1457,28.0,0.9,0.0,1.0,Urobilinogen_a,0.0,0.0
1458,29.0,0.1,0.4405042016806723,0.960447099537949,Protein_a,0.06596555681095968,0.0003891045308370682
1459,29.0,0.1,0.0,0.0,Bilirubin_a,0.0,0.0
1460,29.0,0.1,0.0,0.9997572815533982,Glucose_a,0.0,2.945612216043249e-07
1461,29.0,0.1,0.0,0.9948637300877143,Ketones_a,0.0,6.457191840946972e-05
1462,29.0,0.1,0.01111111111111111,0.9920308869965346,Nitrite_a,0.0006172839506172838,2.348090757589777e-05
1463,29.0,0.1,0.0,0.999280284196949,Urobilinogen_a,0.0,1.1487931865052e-06
1464,29.0,0.2,0.09945220451614314,0.9767171570420441,Protein_a,0.0037643808112052314,0.00022817676865412613
1465,29.0,0.2,0.0,0.0,Bilirubin_a,0.0,0.0
1466,29.0,0.2,0.0,0.9997563946406821,Glucose_a,0.0,2.9671785544204275e-07
1467,29.0,0.2,0.0,0.9973268529769136,Ketones_a,0.0,3.5728575035175076e-05
1468,29.0,0.2,0.0,0.9915069829768626,Nitrite_a,0.0,6.489355163988396e-05
1469,29.0,0.2,0.0,1.0,Urobilinogen_a,0.0,0.0
1470,29.0,0.3,0.0,0.9970297029702969,Protein_a,0.0,4.411332222331151e-05
1471,29.0,0.3,0.0,0.0,Bilirubin_a,0.0,0.0
1472,29.0,0.3,0.0,1.0,Glucose_a,0.0,0.0
1473,29.0,0.3,0.0,0.9965958915111457,Ketones_a,0.0,2.8193980561791113e-05
1474,29.0,0.3,0.0,0.9990255785627283,Nitrite_a,0.0,4.747485687072468e-06
1475,29.0,0.3,0.0,1.0,Urobilinogen_a,0.0,0.0
1476,29.0,0.4,0.0,0.9997512437810945,Protein_a,0.0,3.093982822207481e-07
1477,29.0,0.4,0.0,0.0,Bilirubin_a,0.0,0.0
1478,29.0,0.4,0.0,1.0,Glucose_a,0.0,0.0
1479,29.0,0.4,0.0,0.9953658536585366,Ketones_a,0.0,0.00010737656157049393
1480,29.0,0.4,0.0,1.0,Nitrite_a,0.0,0.0
1481,29.0,0.4,0.0,1.0,Urobilinogen_a,0.0,0.0
1482,29.0,0.5,0.0,0.9925589060976996,Protein_a,0.0,0.0001231077827625935
1483,29.0,0.5,0.0,0.0,Bilirubin_a,0.0,0.0
1484,29.0,0.5,0.0,1.0,Glucose_a,0.0,0.0
1485,29.0,0.5,0.0,0.9953201970443348,Ketones_a,0.0,0.00010950277851925602
1486,29.0,0.5,0.0,1.0,Nitrite_a,0.0,0.0
1487,29.0,0.5,0.0,1.0,Urobilinogen_a,0.0,0.0
1488,29.0,0.6,0.0,0.9968098159509203,Protein_a,0.0,5.088637133501461e-05
1489,29.0,0.6,0.0,0.0,Bilirubin_a,0.0,0.0
1490,29.0,0.6,0.0,1.0,Glucose_a,0.0,0.0
1491,29.0,0.6,0.0,0.995593635250918,Ketones_a,0.0,9.708025150976253e-05
1492,29.0,0.6,0.0,1.0,Nitrite_a,0.0,0.0
1493,29.0,0.6,0.0,1.0,Urobilinogen_a,0.0,0.0
1494,29.0,0.7,0.0,0.999753086419753,Protein_a,0.0,3.048315805517369e-07
1495,29.0,0.7,0.0,0.0,Bilirubin_a,0.0,0.0
1496,29.0,0.7,0.0,1.0,Glucose_a,0.0,0.0
1497,29.0,0.7,0.0,0.9980416156670746,Ketones_a,0.0,1.9176345977237237e-05
1498,29.0,0.7,0.0,1.0,Nitrite_a,0.0,0.0
1499,29.0,0.7,0.0,1.0,Urobilinogen_a,0.0,0.0
1500,29.0,0.8,0.0,1.0,Protein_a,0.0,0.0
1501,29.0,0.8,0.0,0.0,Bilirubin_a,0.0,0.0
1502,29.0,0.8,0.0,1.0,Glucose_a,0.0,0.0
1503,29.0,0.8,0.0,0.9975757575757577,Ketones_a,0.0,2.938475665748377e-05
1504,29.0,0.8,0.0,1.0,Nitrite_a,0.0,0.0
1505,29.0,0.8,0.0,1.0,Urobilinogen_a,0.0,0.0
1506,29.0,0.9,0.0,1.0,Protein_a,0.0,0.0
1507,29.0,0.9,0.0,0.0,Bilirubin_a,0.0,0.0
1508,29.0,0.9,0.0,1.0,Glucose_a,0.0,0.0
1509,29.0,0.9,0.0,1.0,Ketones_a,0.0,0.0
1510,29.0,0.9,0.0,1.0,Nitrite_a,0.0,0.0
1511,29.0,0.9,0.0,1.0,Urobilinogen_a,0.0,0.0
1512,30.0,0.1,0.2961111111111111,0.9782162406932782,Protein_a,0.08649537037037038,0.0003315888064080475
1513,30.0,0.1,0.0,0.0,Bilirubin_a,0.0,0.0
1514,30.0,0.1,0.0,0.9958971376099093,Glucose_a,0.0,2.666143840300872e-05
1515,30.0,0.1,0.0,0.9943752805626216,Ketones_a,0.0,6.092563493270626e-05
1516,30.0,0.1,0.0,0.9796731086366984,Nitrite_a,0.0,0.000600180130139866
1517,30.0,0.1,0.0,0.9985466270931809,Urobilinogen_a,0.0,4.698725399595656e-06
1518,30.0,0.2,0.07298049423181979,0.9846521763859345,Protein_a,0.0033515763424276624,0.00010549528837795517
1519,30.0,0.2,0.0,0.0,Bilirubin_a,0.0,0.0
1520,30.0,0.2,0.0,1.0,Glucose_a,0.0,0.0
1521,30.0,0.2,0.0,0.9943925986959948,Ketones_a,0.0,3.8254886126848165e-05
1522,30.0,0.2,0.0,1.0,Nitrite_a,0.0,0.0
1523,30.0,0.2,0.0,1.0,Urobilinogen_a,0.0,0.0
1524,30.0,0.3,0.005128205128205128,0.9918479717370042,Protein_a,0.00013149243918474687,0.00011036183313134924
1525,30.0,0.3,0.0,0.0,Bilirubin_a,0.0,0.0
1526,30.0,0.3,0.0,1.0,Glucose_a,0.0,0.0
1527,30.0,0.3,0.0,0.9995151515151516,Ketones_a,0.0,1.1753902662993724e-06
1528,30.0,0.3,0.0,1.0,Nitrite_a,0.0,0.0
1529,30.0,0.3,0.0,1.0,Urobilinogen_a,0.0,0.0
1530,30.0,0.4,0.0,0.9970260223048328,Protein_a,0.0,4.42227166567629e-05
1531,30.0,0.4,0.0,0.0,Bilirubin_a,0.0,0.0
1532,30.0,0.4,0.0,1.0,Glucose_a,0.0,0.0
1533,30.0,0.4,0.0,1.0,Ketones_a,0.0,0.0
1534,30.0,0.4,0.0,1.0,Nitrite_a,0.0,0.0
1535,30.0,0.4,0.0,1.0,Urobilinogen_a,0.0,0.0
1536,30.0,0.5,0.0,0.9953292635014657,Protein_a,0.0,4.108046871293641e-05
1537,30.0,0.5,0.0,0.0,Bilirubin_a,0.0,0.0
1538,30.0,0.5,0.0,1.0,Glucose_a,0.0,0.0
1539,30.0,0.5,0.0,1.0,Ketones_a,0.0,0.0
1540,30.0,0.5,0.0,1.0,Nitrite_a,0.0,0.0
1541,30.0,0.5,0.0,1.0,Urobilinogen_a,0.0,0.0
1542,30.0,0.6,0.0,1.0,Protein_a,0.0,0.0
1543,30.0,0.6,0.0,0.0,Bilirubin_a,0.0,0.0
1544,30.0,0.6,0.0,1.0,Glucose_a,0.0,0.0
1545,30.0,0.6,0.0,1.0,Ketones_a,0.0,0.0
1546,30.0,0.6,0.0,1.0,Nitrite_a,0.0,0.0
1547,30.0,0.6,0.0,1.0,Urobilinogen_a,0.0,0.0
1548,30.0,0.7,0.0,0.999753086419753,Protein_a,0.0,3.048315805517369e-07
1549,30.0,0.7,0.0,0.0,Bilirubin_a,0.0,0.0
1550,30.0,0.7,0.0,1.0,Glucose_a,0.0,0.0
1551,30.0,0.7,0.0,1.0,Ketones_a,0.0,0.0
1552,30.0,0.7,0.0,1.0,Nitrite_a,0.0,0.0
1553,30.0,0.7,0.0,1.0,Urobilinogen_a,0.0,0.0
1554,30.0,0.8,0.0,1.0,Protein_a,0.0,0.0
1555,30.0,0.8,0.0,0.0,Bilirubin_a,0.0,0.0
1556,30.0,0.8,0.0,1.0,Glucose_a,0.0,0.0
1557,30.0,0.8,0.0,1.0,Ketones_a,0.0,0.0
1558,30.0,0.8,0.0,1.0,Nitrite_a,0.0,0.0
1559,30.0,0.8,0.0,1.0,Urobilinogen_a,0.0,0.0
1560,30.0,0.9,0.0,1.0,Protein_a,0.0,0.0
1561,30.0,0.9,0.0,0.0,Bilirubin_a,0.0,0.0
1562,30.0,0.9,0.0,1.0,Glucose_a,0.0,0.0
1563,30.0,0.9,0.0,1.0,Ketones_a,0.0,0.0
1564,30.0,0.9,0.0,1.0,Nitrite_a,0.0,0.0
1565,30.0,0.9,0.0,1.0,Urobilinogen_a,0.0,0.0
1566,31.0,0.1,0.26375234521575985,0.9817621225339466,Protein_a,0.03736797975282394,7.20820232642126e-05
1567,31.0,0.1,0.0,0.0,Bilirubin_a,0.0,0.0
1568,31.0,0.1,0.0,0.9997587454764776,Glucose_a,0.0,2.9101872559987244e-07
1569,31.0,0.1,0.0,0.9926495610410649,Ketones_a,0.0,8.84329473269795e-05
1570,31.0,0.1,0.0,0.9845669964314838,Nitrite_a,0.0,0.00010595419304553334
1571,31.0,0.1,0.0,1.0,Urobilinogen_a,0.0,0.0
1572,31.0,0.2,0.06123931623931624,0.9965517241379309,Protein_a,0.0035571809482065893,5.9453032104637574e-05
1573,31.0,0.2,0.0,0.0,Bilirubin_a,0.0,0.0
1574,31.0,0.2,0.0,0.9997587454764776,Glucose_a,0.0,2.9101872559987244e-07
1575,31.0,0.2,0.0,0.9972939729397293,Ketones_a,0.0,3.661291225458401e-05
1576,31.0,0.2,0.01111111111111111,0.9908293398796157,Nitrite_a,0.0006172839506172838,0.00011735054404417841
1577,31.0,0.2,0.0,1.0,Urobilinogen_a,0.0,0.0
1578,31.0,0.3,0.0,0.9948129790261142,Protein_a,0.0,0.0001054592784895863
1579,31.0,0.3,0.0,0.0,Bilirubin_a,0.0,0.0
1580,31.0,0.3,0.0,1.0,Glucose_a,0.0,0.0
1581,31.0,0.3,0.0,0.9963318681056871,Ketones_a,0.0,3.4516803275696894e-05
1582,31.0,0.3,0.0,0.995407700936758,Nitrite_a,0.0,7.04815278561768e-05
1583,31.0,0.3,0.0,1.0,Urobilinogen_a,0.0,0.0
1584,31.0,0.4,0.0,1.0,Protein_a,0.0,0.0
1585,31.0,0.4,0.0,0.0,Bilirubin_a,0.0,0.0
1586,31.0,0.4,0.0,1.0,Glucose_a,0.0,0.0
1587,31.0,0.4,0.0,0.9997555012224939,Ketones_a,0.0,2.9889826100993374e-07
1588,31.0,0.4,0.0,1.0,Nitrite_a,0.0,0.0
1589,31.0,0.4,0.0,1.0,Urobilinogen_a,0.0,0.0
1590,31.0,0.5,0.0,0.9970467196273647,Protein_a,0.0,2.836737407114038e-05
1591,31.0,0.5,0.0,0.0,Bilirubin_a,0.0,0.0
1592,31.0,0.5,0.0,1.0,Glucose_a,0.0,0.0
1593,31.0,0.5,0.0,1.0,Ketones_a,0.0,0.0
1594,31.0,0.5,0.0,1.0,Nitrite_a,0.0,0.0
1595,31.0,0.5,0.0,1.0,Urobilinogen_a,0.0,0.0
1596,31.0,0.6,0.0,0.9975339087546239,Protein_a,0.0,3.0408030152602967e-05
1597,31.0,0.6,0.0,0.0,Bilirubin_a,0.0,0.0
1598,31.0,0.6,0.0,1.0,Glucose_a,0.0,0.0
1599,31.0,0.6,0.0,1.0,Ketones_a,0.0,0.0
1600,31.0,0.6,0.0,1.0,Nitrite_a,0.0,0.0
1601,31.0,0.6,0.0,1.0,Urobilinogen_a,0.0,0.0
1602,31.0,0.7,0.0,1.0,Protein_a,0.0,0.0
1603,31.0,0.7,0.0,0.0,Bilirubin_a,0.0,0.0
1604,31.0,0.7,0.0,1.0,Glucose_a,0.0,0.0
1605,31.0,0.7,0.0,0.9975520195838433,Ketones_a,0.0,2.9963040589433183e-05
1606,31.0,0.7,0.0,1.0,Nitrite_a,0.0,0.0
1607,31.0,0.7,0.0,1.0,Urobilinogen_a,0.0,0.0
1608,31.0,0.8,0.0,0.9935723114956737,Protein_a,0.0,0.00020657589754324455
1609,31.0,0.8,0.0,0.0,Bilirubin_a,0.0,0.0
1610,31.0,0.8,0.0,1.0,Glucose_a,0.0,0.0
1611,31.0,0.8,0.0,1.0,Ketones_a,0.0,0.0
1612,31.0,0.8,0.0,1.0,Nitrite_a,0.0,0.0
1613,31.0,0.8,0.0,1.0,Urobilinogen_a,0.0,0.0
1614,31.0,0.9,0.0,1.0,Protein_a,0.0,0.0
1615,31.0,0.9,0.0,0.0,Bilirubin_a,0.0,0.0
1616,31.0,0.9,0.0,1.0,Glucose_a,0.0,0.0
1617,31.0,0.9,0.0,0.9975429975429975,Ketones_a,0.0,3.018430536858078e-05
1618,31.0,0.9,0.0,1.0,Nitrite_a,0.0,0.0
1619,31.0,0.9,0.0,1.0,Urobilinogen_a,0.0,0.0
